Malaysia & Singapore,New,Order,Family,Full Location,Date,ID,Location,Rarity,Fam,Freq,Features,Key,Category 1,Category 2,Photo,SGroup
Crested Partridge,Yes,GALLIFORMES,"Pheasants, Grouse, and Allies",MY-TemanNegara-Aug-155,2026-08-10,360,Mutiara,I-155,,1,,1,Mutiara only,Infrequent,,Groundbirds
Malayan Crested Fireback,Yes,GALLIFORMES,"Pheasants, Grouse, and Allies",MY-TemanNegara-Aug-034,2026-08-10,443,Mutiara,C-034,,1,Test,1,Mutiara only,,,Groundbirds
Great Argus,Yes,GALLIFORMES,"Pheasants, Grouse, and Allies",MY-TemanNegara-Aug-047,2026-08-10,447,Mutiara,C-047,,1,,1,Mutiara only,,,Groundbirds
Sabah Partridge,Yes,GALLIFORMES,"Pheasants, Grouse, and Allies",MY-SepilokRDC-Aug-086,2026-08-10,453,Sepilok,C-086,,1,,1,Sepilok only,,,Groundbirds
Malayan Peacock-Pheasant,Yes,GALLIFORMES,"Pheasants, Grouse, and Allies",MY-TemanNegara-Aug-121,2026-08-10,460,Mutiara,I-121,,1,,1,Mutiara only,Infrequent,,Groundbirds
Red Junglefowl,No,GALLIFORMES,"Pheasants, Grouse, and Allies",SG-PalauUbin-Aug-014,2026-08-10,470,S-PUbin,C-014,,4,,1,,,Yes,Groundbirds
Red Junglefowl,No,GALLIFORMES,"Pheasants, Grouse, and Allies",SG-SungeiBuloh-Aug-020,2026-08-10,470,S-SBuloh,C-020,,4,,2,,,Yes,Groundbirds
Red Junglefowl,No,GALLIFORMES,"Pheasants, Grouse, and Allies",MY-KL-FRIM-Aug-031,2026-08-17,470,FRIM,C-031,,4,,3,,,Yes,Groundbirds
Red Junglefowl,No,GALLIFORMES,"Pheasants, Grouse, and Allies",MY-TemanNegara-Aug-088,2026-08-10,470,Mutiara,I-088,,4,,4,,,Yes,Groundbirds
Rock Pigeon,No,COLUMBIFORMES,Pigeons and Doves,MY-KL-FRIM-Aug-011,2026-08-17,545,FRIM,C-011,,4,,1,,,Yes,Groundbirds
Rock Pigeon,No,COLUMBIFORMES,Pigeons and Doves,SG-PalauUbin-Aug-026,2026-08-10,545,S-PUbin,C-026,,4,,2,,,Yes,Groundbirds
Rock Pigeon,No,COLUMBIFORMES,Pigeons and Doves,SG-SungeiBuloh-Aug-039,2026-08-10,545,S-SBuloh,C-039,,4,,3,,,Yes,Groundbirds
Rock Pigeon,No,COLUMBIFORMES,Pigeons and Doves,MY-SepilokRDC-Aug-150,2026-08-10,545,Sepilok,I-150,,4,,4,,,Yes,Groundbirds
Red Collared-Dove,No,COLUMBIFORMES,Pigeons and Doves,SG-PalauUbin-Aug-073,2026-08-10,617,S-PUbin,I-073,,2,,1,Sing only,Infrequent,Yes,Groundbirds
Red Collared-Dove,No,COLUMBIFORMES,Pigeons and Doves,SG-SungeiBuloh-Aug-106,2026-08-10,617,S-SBuloh,I-106,,2,,2,Sing only,Infrequent,Yes,Groundbirds
Spotted Dove,No,COLUMBIFORMES,Pigeons and Doves,SG-PalauUbin-Aug-004,2026-08-10,618,S-PUbin,C-004,,5,,1,Widespread,,Yes,Groundbirds
Spotted Dove,No,COLUMBIFORMES,Pigeons and Doves,SG-SungeiBuloh-Aug-005,2026-08-10,618,S-SBuloh,C-005,,5,,2,Widespread,,Yes,Groundbirds
Spotted Dove,No,COLUMBIFORMES,Pigeons and Doves,MY-KL-FRIM-Aug-007,2026-08-17,618,FRIM,C-007,,5,,3,Widespread,,Yes,Groundbirds
Spotted Dove,No,COLUMBIFORMES,Pigeons and Doves,MY-TemanNegara-Aug-040,2026-08-10,618,Mutiara,C-040,,5,,4,Widespread,,Yes,Groundbirds
Spotted Dove,No,COLUMBIFORMES,Pigeons and Doves,MY-SepilokRDC-Aug-049,2026-08-10,618,Sepilok,C-049,,5,,5,Widespread,,Yes,Groundbirds
Little Cuckoo-Dove,Yes,COLUMBIFORMES,Pigeons and Doves,MY-TemanNegara-Aug-170,2026-08-10,634,Mutiara,I-170,,1,,1,Mutiara only,,,Groundbirds
Asian Emerald Dove,Yes,COLUMBIFORMES,Pigeons and Doves,MY-TemanNegara-Aug-022,2026-08-10,647,Mutiara,C-022,,5,,1,Widespread,,,Groundbirds
Asian Emerald Dove,Yes,COLUMBIFORMES,Pigeons and Doves,SG-SungeiBuloh-Aug-056,2026-08-10,647,S-SBuloh,C-056,,5,,2,Widespread,,,Groundbirds
Asian Emerald Dove,Yes,COLUMBIFORMES,Pigeons and Doves,MY-SepilokRDC-Aug-077,2026-08-10,647,Sepilok,C-077,,5,,3,Widespread,,,Groundbirds
Asian Emerald Dove,Yes,COLUMBIFORMES,Pigeons and Doves,MY-KL-FRIM-Aug-073,2026-08-17,647,FRIM,I-073,,5,,4,Widespread,,,Groundbirds
Asian Emerald Dove,Yes,COLUMBIFORMES,Pigeons and Doves,SG-PalauUbin-Aug-080,2026-08-10,647,S-PUbin,I-080,,5,,5,Widespread,,,Groundbirds
Zebra Dove,No,COLUMBIFORMES,Pigeons and Doves,MY-KL-FRIM-Aug-002,2026-08-17,676,FRIM,C-002,,5,,1,Widespread,,Yes,Groundbirds
Zebra Dove,No,COLUMBIFORMES,Pigeons and Doves,SG-PalauUbin-Aug-007,2026-08-10,676,S-PUbin,C-007,,5,,2,Widespread,,Yes,Groundbirds
Zebra Dove,No,COLUMBIFORMES,Pigeons and Doves,SG-SungeiBuloh-Aug-010,2026-08-10,676,S-SBuloh,C-010,,5,,3,Widespread,,Yes,Groundbirds
Zebra Dove,No,COLUMBIFORMES,Pigeons and Doves,MY-SepilokRDC-Aug-051,2026-08-10,676,Sepilok,C-051,,5,,4,Widespread,,Yes,Groundbirds
Zebra Dove,No,COLUMBIFORMES,Pigeons and Doves,MY-TemanNegara-Aug-098,2026-08-10,676,Mutiara,I-098,,5,,5,Widespread,,Yes,Groundbirds
Little Green-Pigeon,Yes,COLUMBIFORMES,Pigeons and Doves,MY-TemanNegara-Aug-033,2026-08-10,756,Mutiara,C-033,,2,,1,,,,Groundbirds
Little Green-Pigeon,Yes,COLUMBIFORMES,Pigeons and Doves,MY-SepilokRDC-Aug-079,2026-08-10,756,Sepilok,C-079,,2,,2,,,,Groundbirds
Pink-necked Green-Pigeon,Yes,COLUMBIFORMES,Pigeons and Doves,SG-SungeiBuloh-Aug-004,2026-08-10,757,S-SBuloh,C-004,,4,,1,,,,Groundbirds
Pink-necked Green-Pigeon,Yes,COLUMBIFORMES,Pigeons and Doves,MY-KL-FRIM-Aug-012,2026-08-17,757,FRIM,C-012,,4,,2,,,,Groundbirds
Pink-necked Green-Pigeon,Yes,COLUMBIFORMES,Pigeons and Doves,SG-PalauUbin-Aug-012,2026-08-10,757,S-PUbin,C-012,,4,,3,,,,Groundbirds
Pink-necked Green-Pigeon,Yes,COLUMBIFORMES,Pigeons and Doves,MY-SepilokRDC-Aug-045,2026-08-10,757,Sepilok,C-045,,4,,4,,,,Groundbirds
Thick-billed Green-Pigeon,Yes,COLUMBIFORMES,Pigeons and Doves,MY-TemanNegara-Aug-035,2026-08-10,766,Mutiara,C-035,,3,,1,,,,Groundbirds
Thick-billed Green-Pigeon,Yes,COLUMBIFORMES,Pigeons and Doves,MY-SepilokRDC-Aug-096,2026-08-10,766,Sepilok,C-096,,3,,2,,,,Groundbirds
Thick-billed Green-Pigeon,Yes,COLUMBIFORMES,Pigeons and Doves,SG-SungeiBuloh-Aug-119,2026-08-10,766,S-SBuloh,I-119,,3,,3,,,,Groundbirds
Large Green-Pigeon,Yes,COLUMBIFORMES,Pigeons and Doves,MY-TemanNegara-Aug-055,2026-08-10,771,Mutiara,C-055,,1,,1,Mutiara only,,,Groundbirds
Jambu Fruit-Dove,Yes,COLUMBIFORMES,Pigeons and Doves,MY-TemanNegara-Aug-165,2026-08-10,791,Mutiara,I-165,,1,,1,Mutiara only,Infrequent,,Groundbirds
Green Imperial-Pigeon,Yes,COLUMBIFORMES,Pigeons and Doves,MY-SepilokRDC-Aug-024,2026-08-10,853,Sepilok,C-024,,2,,1,,,,Groundbirds
Green Imperial-Pigeon,Yes,COLUMBIFORMES,Pigeons and Doves,SG-PalauUbin-Aug-067,2026-08-10,853,S-PUbin,I-067,,2,,2,Sing only,,,Groundbirds
Mountain Imperial-Pigeon,Yes,COLUMBIFORMES,Pigeons and Doves,MY-TemanNegara-Aug-124,2026-08-10,883,Mutiara,I-124,,1,,1,Mutiara only,,,Groundbirds
Pied Imperial-Pigeon,Yes,COLUMBIFORMES,Pigeons and Doves,SG-SungeiBuloh-Aug-055,2026-08-10,886,S-SBuloh,C-055,,1,,1,Sing only,,,Groundbirds
Greater Coucal,No,CUCULIFORMES,Cuckoos,MY-TemanNegara-Aug-019,2026-08-10,1014,Mutiara,C-019,,2,,1,,,,Cuckoos
Greater Coucal,No,CUCULIFORMES,Cuckoos,MY-SepilokRDC-Aug-071,2026-08-10,1014,Sepilok,C-071,,2,,2,,,,Cuckoos
Lesser Coucal,Yes,CUCULIFORMES,Cuckoos,SG-PalauUbin-Aug-063,2026-08-10,1019,S-PUbin,C-063,,2,,1,Sing only,,,Cuckoos
Lesser Coucal,Yes,CUCULIFORMES,Cuckoos,SG-SungeiBuloh-Aug-082,2026-08-10,1019,S-SBuloh,I-082,,2,,2,Sing only,,,Cuckoos
Raffles's Malkoha,Yes,CUCULIFORMES,Cuckoos,MY-TemanNegara-Aug-012,2026-08-10,1023,Mutiara,C-012,,3,,1,,,,Cuckoos
Raffles's Malkoha,Yes,CUCULIFORMES,Cuckoos,MY-SepilokRDC-Aug-018,2026-08-10,1023,Sepilok,C-018,,3,,2,,,,Cuckoos
Raffles's Malkoha,Yes,CUCULIFORMES,Cuckoos,MY-KL-FRIM-Aug-050,2026-08-17,1023,FRIM,C-050,,3,,3,,,,Cuckoos
Red-billed Malkoha,Yes,CUCULIFORMES,Cuckoos,MY-SepilokRDC-Aug-117,2026-08-10,1027,Sepilok,I-117,,2,,1,,,,Cuckoos
Red-billed Malkoha,Yes,CUCULIFORMES,Cuckoos,MY-TemanNegara-Aug-172,2026-08-10,1027,Mutiara,I-172,,2,,2,,,,Cuckoos
Chestnut-breasted Malkoha,Yes,CUCULIFORMES,Cuckoos,MY-TemanNegara-Aug-049,2026-08-10,1028,Mutiara,C-049,,3,,1,,,,Cuckoos
Chestnut-breasted Malkoha,Yes,CUCULIFORMES,Cuckoos,MY-SepilokRDC-Aug-059,2026-08-10,1028,Sepilok,C-059,,3,,2,,,,Cuckoos
Chestnut-breasted Malkoha,Yes,CUCULIFORMES,Cuckoos,MY-KL-FRIM-Aug-072,2026-08-17,1028,FRIM,I-072,,3,,3,,,,Cuckoos
Chestnut-bellied Malkoha,Yes,CUCULIFORMES,Cuckoos,SG-SungeiBuloh-Aug-089,2026-08-10,1030,S-SBuloh,I-089,,1,,1,Sing only,Infrequent,,Cuckoos
Black-bellied Malkoha,Yes,CUCULIFORMES,Cuckoos,MY-TemanNegara-Aug-084,2026-08-10,1033,Mutiara,C-084,,2,,1,,,,Cuckoos
Black-bellied Malkoha,Yes,CUCULIFORMES,Cuckoos,MY-KL-FRIM-Aug-063,2026-08-17,1033,FRIM,I-063,,2,,2,,,,Cuckoos
Green-billed Malkoha,Yes,CUCULIFORMES,Cuckoos,MY-KL-FRIM-Aug-061,2026-08-17,1034,FRIM,I-061,,1,,1,FRIM only,,,Cuckoos
Asian Koel,No,CUCULIFORMES,Cuckoos,SG-PalauUbin-Aug-025,2026-08-10,1064,S-PUbin,C-025,,2,,1,Sing only,,,Cuckoos
Asian Koel,No,CUCULIFORMES,Cuckoos,MY-KL-FRIM-Aug-065,2026-08-17,1064,FRIM,I-065,,2,,2,,,,Cuckoos
Violet Cuckoo,Yes,CUCULIFORMES,Cuckoos,MY-SepilokRDC-Aug-068,2026-08-10,1070,Sepilok,C-068,,2,,1,,,,Cuckoos
Violet Cuckoo,Yes,CUCULIFORMES,Cuckoos,MY-TemanNegara-Aug-161,2026-08-10,1070,Mutiara,I-161,,2,,2,,,,Cuckoos
Little Bronze-Cuckoo,Yes,CUCULIFORMES,Cuckoos,SG-PalauUbin-Aug-057,2026-08-10,1081,S-PUbin,C-057,,2,,1,Sing only,,,Cuckoos
Little Bronze-Cuckoo,Yes,CUCULIFORMES,Cuckoos,SG-SungeiBuloh-Aug-096,2026-08-10,1081,S-SBuloh,I-096,,2,,2,Sing only,,,Cuckoos
Banded Bay Cuckoo,Yes,CUCULIFORMES,Cuckoos,MY-KL-FRIM-Aug-096,2026-08-17,1087,FRIM,I-096,,4,,1,,Infrequent,,Cuckoos
Banded Bay Cuckoo,Yes,CUCULIFORMES,Cuckoos,SG-SungeiBuloh-Aug-102,2026-08-10,1087,S-SBuloh,I-102,,4,,2,,Infrequent,,Cuckoos
Banded Bay Cuckoo,Yes,CUCULIFORMES,Cuckoos,MY-SepilokRDC-Aug-131,2026-08-10,1087,Sepilok,I-131,,4,,3,,Infrequent,,Cuckoos
Banded Bay Cuckoo,Yes,CUCULIFORMES,Cuckoos,MY-TemanNegara-Aug-159,2026-08-10,1087,Mutiara,I-159,,4,,4,,Infrequent,,Cuckoos
Plaintive Cuckoo,Yes,CUCULIFORMES,Cuckoos,MY-KL-FRIM-Aug-076,2026-08-17,1088,FRIM,I-076,,4,,1,,Infrequent,,Cuckoos
Plaintive Cuckoo,Yes,CUCULIFORMES,Cuckoos,SG-PalauUbin-Aug-085,2026-08-10,1088,S-PUbin,I-085,,4,,2,,Infrequent,,Cuckoos
Plaintive Cuckoo,Yes,CUCULIFORMES,Cuckoos,SG-SungeiBuloh-Aug-103,2026-08-10,1088,S-SBuloh,I-103,,4,,3,,Infrequent,,Cuckoos
Plaintive Cuckoo,Yes,CUCULIFORMES,Cuckoos,MY-SepilokRDC-Aug-149,2026-08-10,1088,Sepilok,I-149,,4,,4,,Infrequent,,Cuckoos
Sunda Brush Cuckoo,Yes,CUCULIFORMES,Cuckoos,MY-KL-FRIM-Aug-090,2026-08-17,1090,FRIM,I-090,,3,,1,,Infrequent,,Cuckoos
Sunda Brush Cuckoo,Yes,CUCULIFORMES,Cuckoos,SG-SungeiBuloh-Aug-104,2026-08-10,1090,S-SBuloh,I-104,,3,,2,,Infrequent,,Cuckoos
Sunda Brush Cuckoo,Yes,CUCULIFORMES,Cuckoos,MY-TemanNegara-Aug-109,2026-08-10,1090,Mutiara,I-109,,3,,3,,Infrequent,,Cuckoos
Square-tailed Drongo-Cuckoo,Yes,CUCULIFORMES,Cuckoos,MY-TemanNegara-Aug-037,2026-08-10,1101,Mutiara,C-037,,1,,1,Mutiara only,,,Cuckoos
Large-tailed Nightjar,Yes,CAPRIMULGIFORMES,Nightjars and Allies,SG-PalauUbin-Aug-084,2026-08-10,1194,S-PUbin,I-084,,2,,1,Sing only,Infrequent,,Swifts & Nightjars
Large-tailed Nightjar,Yes,CAPRIMULGIFORMES,Nightjars and Allies,SG-SungeiBuloh-Aug-086,2026-08-10,1194,S-SBuloh,I-086,,2,,2,Sing only,Infrequent,,Swifts & Nightjars
Savanna Nightjar,Yes,CAPRIMULGIFORMES,Nightjars and Allies,SG-PalauUbin-Aug-072,2026-08-10,1210,S-PUbin,I-072,,2,,1,Sing only,Infrequent,,Swifts & Nightjars
Savanna Nightjar,Yes,CAPRIMULGIFORMES,Nightjars and Allies,SG-SungeiBuloh-Aug-113,2026-08-10,1210,S-SBuloh,I-113,,2,,2,Sing only,Infrequent,,Swifts & Nightjars
Large Frogmouth,Yes,PODARGIFORMES,Frogmouths,MY-TemanNegara-Aug-178,2026-08-10,1232,Mutiara,I-178,,1,,1,Mutiara only,Infrequent,,Swifts & Nightjars
Silver-rumped Spinetail,Yes,APODIFORMES,Swifts,MY-TemanNegara-Aug-024,2026-08-10,1274,Mutiara,C-024,,2,,1,,,,Swifts & Nightjars
Silver-rumped Spinetail,Yes,APODIFORMES,Swifts,MY-SepilokRDC-Aug-029,2026-08-10,1274,Sepilok,C-029,,2,,2,,,,Swifts & Nightjars
Brown-backed Needletail,Yes,APODIFORMES,Swifts,MY-SepilokRDC-Aug-097,2026-08-10,1291,Sepilok,C-097,,1,,1,Sepilok only,,,Swifts & Nightjars
Plume-toed Swiftlet,Yes,APODIFORMES,Swifts,MY-SepilokRDC-Aug-016,2026-08-10,1298,Sepilok,C-016,,4,,1,,,,Swifts & Nightjars
Plume-toed Swiftlet,Yes,APODIFORMES,Swifts,SG-SungeiBuloh-Aug-053,2026-08-10,1298,S-SBuloh,C-053,,4,,2,,,,Swifts & Nightjars
Plume-toed Swiftlet,Yes,APODIFORMES,Swifts,MY-TemanNegara-Aug-063,2026-08-10,1298,Mutiara,C-063,,4,,3,,,,Swifts & Nightjars
Plume-toed Swiftlet,Yes,APODIFORMES,Swifts,MY-KL-FRIM-Aug-059,2026-08-17,1298,FRIM,I-059,,4,,4,,,,Swifts & Nightjars
Black-nest Swiftlet,Yes,APODIFORMES,Swifts,MY-TemanNegara-Aug-171,2026-08-10,1327,Mutiara,I-171,,1,,1,Mutiara only,Infrequent,,Swifts & Nightjars
White-nest Swiftlet,Yes,APODIFORMES,Swifts,MY-TemanNegara-Aug-007,2026-08-10,1328,Mutiara,C-007,,3,,1,,,,Swifts & Nightjars
White-nest Swiftlet,Yes,APODIFORMES,Swifts,MY-KL-FRIM-Aug-033,2026-08-17,1328,FRIM,C-033,,3,,2,,,,Swifts & Nightjars
White-nest Swiftlet,Yes,APODIFORMES,Swifts,MY-SepilokRDC-Aug-083,2026-08-10,1328,Sepilok,C-083,,3,,3,,,,Swifts & Nightjars
House Swift,Yes,APODIFORMES,Swifts,MY-KL-FRIM-Aug-024,2026-08-17,1348,FRIM,C-024,,5,,1,Widespread,,,Swifts & Nightjars
House Swift,Yes,APODIFORMES,Swifts,SG-PalauUbin-Aug-101,2026-08-10,1348,S-PUbin,I-101,,5,,2,Widespread,,,Swifts & Nightjars
House Swift,Yes,APODIFORMES,Swifts,SG-SungeiBuloh-Aug-105,2026-08-10,1348,S-SBuloh,I-105,,5,,3,Widespread,,,Swifts & Nightjars
House Swift,Yes,APODIFORMES,Swifts,MY-TemanNegara-Aug-125,2026-08-10,1348,Mutiara,I-125,,5,,4,Widespread,,,Swifts & Nightjars
House Swift,Yes,APODIFORMES,Swifts,MY-SepilokRDC-Aug-127,2026-08-10,1348,Sepilok,I-127,,5,,5,Widespread,,,Swifts & Nightjars
Asian Palm Swift,Yes,APODIFORMES,Swifts,MY-TemanNegara-Aug-108,2026-08-10,1357,Mutiara,I-108,,2,,1,,Infrequent,,Swifts & Nightjars
Asian Palm Swift,Yes,APODIFORMES,Swifts,MY-SepilokRDC-Aug-129,2026-08-10,1357,Sepilok,I-129,,2,,2,,Infrequent,,Swifts & Nightjars
Gray-rumped Treeswift,Yes,APODIFORMES,Treeswifts,MY-SepilokRDC-Aug-040,2026-08-10,1364,Sepilok,C-040,New,3,,1,,,,Swifts & Nightjars
Gray-rumped Treeswift,Yes,APODIFORMES,Treeswifts,MY-TemanNegara-Aug-099,2026-08-10,1364,Mutiara,I-099,New,3,,2,,,,Swifts & Nightjars
Gray-rumped Treeswift,Yes,APODIFORMES,Treeswifts,SG-SungeiBuloh-Aug-107,2026-08-10,1364,S-SBuloh,I-107,New,3,,3,,,,Swifts & Nightjars
Whiskered Treeswift,Yes,APODIFORMES,Treeswifts,MY-TemanNegara-Aug-089,2026-08-10,1365,Mutiara,I-089,New,1,,1,Mutiara only,,,Swifts & Nightjars
Slaty-breasted Rail,Yes,GRUIFORMES,"Rails, Gallinules, and Coots",SG-SungeiBuloh-Aug-087,2026-08-10,1769,S-SBuloh,I-087,,1,,1,Sing only,Infrequent,,Waterbirds
White-breasted Waterhen,No,GRUIFORMES,"Rails, Gallinules, and Coots",SG-SungeiBuloh-Aug-011,2026-08-10,1859,S-SBuloh,C-011,,4,,1,,,Yes,Waterbirds
White-breasted Waterhen,No,GRUIFORMES,"Rails, Gallinules, and Coots",SG-PalauUbin-Aug-015,2026-08-10,1859,S-PUbin,C-015,,4,,2,,,Yes,Waterbirds
White-breasted Waterhen,No,GRUIFORMES,"Rails, Gallinules, and Coots",MY-KL-FRIM-Aug-016,2026-08-17,1859,FRIM,C-016,,4,,3,,,Yes,Waterbirds
White-breasted Waterhen,No,GRUIFORMES,"Rails, Gallinules, and Coots",MY-SepilokRDC-Aug-066,2026-08-10,1859,Sepilok,C-066,,4,,4,,,Yes,Waterbirds
Ruddy-breasted Crake,Yes,GRUIFORMES,"Rails, Gallinules, and Coots",SG-PalauUbin-Aug-077,2026-08-10,1867,S-PUbin,I-077,,2,,1,Sing only,Infrequent,,Waterbirds
Ruddy-breasted Crake,Yes,GRUIFORMES,"Rails, Gallinules, and Coots",SG-SungeiBuloh-Aug-118,2026-08-10,1867,S-SBuloh,I-118,,2,,2,Sing only,Infrequent,,Waterbirds
Pacific Golden-Plover,No,CHARADRIIFORMES,Plovers and Lapwings,SG-SungeiBuloh-Aug-124,2026-08-10,1962,S-SBuloh,I-124,,1,,1,Sing only,Infrequent,Yes,Waterbirds
Little Ringed Plover,No,CHARADRIIFORMES,Plovers and Lapwings,SG-SungeiBuloh-Aug-122,2026-08-10,1977,S-SBuloh,I-122,,1,,1,Sing only,Infrequent,Yes,Waterbirds
Red-wattled Lapwing,No,CHARADRIIFORMES,Plovers and Lapwings,SG-SungeiBuloh-Aug-076,2026-08-10,1994,S-SBuloh,C-076,,2,,1,Sing only,,,Waterbirds
Red-wattled Lapwing,No,CHARADRIIFORMES,Plovers and Lapwings,SG-PalauUbin-Aug-093,2026-08-10,1994,S-PUbin,I-093,,2,,2,Sing only,,,Waterbirds
Tibetan Sand-Plover,Yes,CHARADRIIFORMES,Plovers and Lapwings,SG-SungeiBuloh-Aug-078,2026-08-10,2007,S-SBuloh,C-078,,2,,1,Sing only,,,Waterbirds
Tibetan Sand-Plover,Yes,CHARADRIIFORMES,Plovers and Lapwings,SG-PalauUbin-Aug-079,2026-08-10,2007,S-PUbin,I-079,,2,,2,Sing only,,,Waterbirds
Eurasian Whimbrel,No,CHARADRIIFORMES,Sandpipers and Allies,SG-SungeiBuloh-Aug-092,2026-08-10,2047,S-SBuloh,I-092,,1,,1,Sing only,Infrequent,Yes,Waterbirds
Common Sandpiper,No,CHARADRIIFORMES,Sandpipers and Allies,SG-SungeiBuloh-Aug-034,2026-08-10,2097,S-SBuloh,C-034,,2,,1,Sing only,,Yes,Waterbirds
Common Sandpiper,No,CHARADRIIFORMES,Sandpipers and Allies,SG-PalauUbin-Aug-044,2026-08-10,2097,S-PUbin,C-044,,2,,2,Sing only,,Yes,Waterbirds
Common Redshank,No,CHARADRIIFORMES,Sandpipers and Allies,SG-SungeiBuloh-Aug-043,2026-08-10,2105,S-SBuloh,C-043,,2,,1,Sing only,,Yes,Waterbirds
Common Redshank,No,CHARADRIIFORMES,Sandpipers and Allies,SG-PalauUbin-Aug-100,2026-08-10,2105,S-PUbin,I-100,,2,,2,Sing only,,Yes,Waterbirds
Common Greenshank,No,CHARADRIIFORMES,Sandpipers and Allies,SG-SungeiBuloh-Aug-072,2026-08-10,2110,S-SBuloh,C-072,,2,,1,Sing only,,Yes,Waterbirds
Common Greenshank,No,CHARADRIIFORMES,Sandpipers and Allies,SG-PalauUbin-Aug-095,2026-08-10,2110,S-PUbin,I-095,,2,,2,Sing only,,Yes,Waterbirds
Little Tern,No,CHARADRIIFORMES,"Gulls, Terns, and Skimmers",SG-PalauUbin-Aug-048,2026-08-10,2279,S-PUbin,C-048,,2,,1,Sing only,,Yes,Waterbirds
Little Tern,No,CHARADRIIFORMES,"Gulls, Terns, and Skimmers",SG-SungeiBuloh-Aug-077,2026-08-10,2279,S-SBuloh,C-077,,2,,2,Sing only,,Yes,Waterbirds
Black-naped Tern,Yes,CHARADRIIFORMES,"Gulls, Terns, and Skimmers",SG-PalauUbin-Aug-094,2026-08-10,2304,S-PUbin,I-094,,1,,1,Sing only,Infrequent,,Waterbirds
Great Crested Tern,No,CHARADRIIFORMES,"Gulls, Terns, and Skimmers",SG-PalauUbin-Aug-081,2026-08-10,2313,S-PUbin,I-081,,1,,1,Sing only,Infrequent,Yes,Waterbirds
Little Grebe,No,PODICIPEDIFORMES,Grebes,SG-PalauUbin-Aug-096,2026-08-10,2324,S-PUbin,I-096,,1,,1,Sing only,Infrequent,Yes,Waterbirds
Asian Openbill,Yes,CICONIIFORMES,Storks,SG-SungeiBuloh-Aug-088,2026-08-10,2521,S-SBuloh,I-088,,1,"Small stork, known for gap in dull gray/yellow bill. Pinkish legs.",1,Sing only,Infrequent,,Waterbirds
Lesser Adjutant,Yes,CICONIIFORMES,Storks,SG-SungeiBuloh-Aug-098,2026-08-10,2534,S-SBuloh,I-098,,1,,1,Sing only,Infrequent,,Waterbirds
Milky Stork,Yes,CICONIIFORMES,Storks,SG-SungeiBuloh-Aug-047,2026-08-10,2538,S-SBuloh,C-047,,1,"Similar to Painted, but lacks Painted's pink tertials and large black patches on wings.",1,Sing only,,,Waterbirds
Painted Stork,Yes,CICONIIFORMES,Storks,MY-KL-FRIM-Aug-021,2026-08-17,2540,FRIM,C-021,,2,"Similar to Milky, but has large black wing patch, pink near tail (tertials).",1,,,,Waterbirds
Painted Stork,Yes,CICONIIFORMES,Storks,SG-SungeiBuloh-Aug-059,2026-08-10,2540,S-SBuloh,C-059,,2,,2,,,,Waterbirds
Oriental Darter,No,SULIFORMES,Anhingas,MY-SepilokRDC-Aug-028,2026-08-10,2559,Sepilok,C-028,,1,,1,Sepilok only,,,Waterbirds
Hadada Ibis,Yes,PELECANIFORMES,Ibises and Spoonbills,MY-KL-FRIM-Aug-038,2026-08-17,2623,FRIM,C-038,,1,,1,FRIM only,,,Waterbirds
Black-crowned Night Heron,No,PELECANIFORMES,"Herons, Egrets, and Bitterns",MY-KL-FRIM-Aug-052,2026-08-17,2654,FRIM,C-052,,3,,1,,,Yes,Waterbirds
Black-crowned Night Heron,No,PELECANIFORMES,"Herons, Egrets, and Bitterns",SG-SungeiBuloh-Aug-081,2026-08-10,2654,S-SBuloh,C-081,,3,,2,,,Yes,Waterbirds
Black-crowned Night Heron,No,PELECANIFORMES,"Herons, Egrets, and Bitterns",SG-PalauUbin-Aug-089,2026-08-10,2654,S-PUbin,I-089,,3,,3,,,Yes,Waterbirds
Little Egret,No,PELECANIFORMES,"Herons, Egrets, and Bitterns",SG-SungeiBuloh-Aug-022,2026-08-10,2672,S-SBuloh,C-022,,3,,1,,,Yes,Waterbirds
Little Egret,No,PELECANIFORMES,"Herons, Egrets, and Bitterns",MY-KL-FRIM-Aug-054,2026-08-17,2672,FRIM,C-054,,3,,2,,,Yes,Waterbirds
Little Egret,No,PELECANIFORMES,"Herons, Egrets, and Bitterns",SG-PalauUbin-Aug-064,2026-08-10,2672,S-PUbin,I-064,,3,,3,,,Yes,Waterbirds
Little Heron,Yes,PELECANIFORMES,"Herons, Egrets, and Bitterns",SG-SungeiBuloh-Aug-029,2026-08-10,2680,S-SBuloh,C-029,,4,,1,,,,Waterbirds
Little Heron,Yes,PELECANIFORMES,"Herons, Egrets, and Bitterns",MY-KL-FRIM-Aug-032,2026-08-17,2680,FRIM,C-032,,4,,2,,,,Waterbirds
Little Heron,Yes,PELECANIFORMES,"Herons, Egrets, and Bitterns",SG-PalauUbin-Aug-033,2026-08-10,2680,S-PUbin,C-033,,4,,3,,,,Waterbirds
Little Heron,Yes,PELECANIFORMES,"Herons, Egrets, and Bitterns",MY-SepilokRDC-Aug-116,2026-08-10,2680,Sepilok,I-116,,4,,4,,,,Waterbirds
Great Egret,No,PELECANIFORMES,"Herons, Egrets, and Bitterns",SG-SungeiBuloh-Aug-062,2026-08-10,2692,S-SBuloh,C-062,,1,,1,Sing only,,Yes,Waterbirds
Medium Egret,No,PELECANIFORMES,"Herons, Egrets, and Bitterns",SG-SungeiBuloh-Aug-049,2026-08-10,2694,S-SBuloh,C-049,,1,,1,Sing only,,Yes,Waterbirds
Gray Heron,No,PELECANIFORMES,"Herons, Egrets, and Bitterns",SG-SungeiBuloh-Aug-021,2026-08-10,2696,S-SBuloh,C-021,,2,,1,Sing only,,Yes,Waterbirds
Gray Heron,No,PELECANIFORMES,"Herons, Egrets, and Bitterns",MY-KL-FRIM-Aug-077,2026-08-17,2696,FRIM,I-077,,2,,2,,,Yes,Waterbirds
Purple Heron,No,PELECANIFORMES,"Herons, Egrets, and Bitterns",SG-SungeiBuloh-Aug-038,2026-08-10,2699,S-SBuloh,C-038,,4,,1,,,Yes,Waterbirds
Purple Heron,No,PELECANIFORMES,"Herons, Egrets, and Bitterns",MY-KL-FRIM-Aug-056,2026-08-17,2699,FRIM,C-056,,4,,2,,,Yes,Waterbirds
Purple Heron,No,PELECANIFORMES,"Herons, Egrets, and Bitterns",SG-PalauUbin-Aug-068,2026-08-10,2699,S-PUbin,I-068,,4,,3,,,Yes,Waterbirds
Purple Heron,No,PELECANIFORMES,"Herons, Egrets, and Bitterns",MY-SepilokRDC-Aug-142,2026-08-10,2699,Sepilok,I-142,,4,,4,,,Yes,Waterbirds
Great-billed Heron,Yes,PELECANIFORMES,"Herons, Egrets, and Bitterns",SG-SungeiBuloh-Aug-070,2026-08-10,2702,S-SBuloh,C-070,,2,,1,Sing only,,,Waterbirds
Great-billed Heron,Yes,PELECANIFORMES,"Herons, Egrets, and Bitterns",SG-PalauUbin-Aug-074,2026-08-10,2702,S-PUbin,I-074,,2,,2,Sing only,,,Waterbirds
Osprey,No,ACCIPITRIFORMES,Osprey,SG-SungeiBuloh-Aug-123,2026-08-10,2723,S-SBuloh,I-123,,1,,1,Sing only,Infrequent,Yes,Raptors
Oriental Honey-buzzard,Yes,ACCIPITRIFORMES,"Hawks, Eagles, and Kites",SG-SungeiBuloh-Aug-111,2026-08-10,2746,S-SBuloh,I-111,,2,,1,,,,Raptors
Oriental Honey-buzzard,Yes,ACCIPITRIFORMES,"Hawks, Eagles, and Kites",MY-SepilokRDC-Aug-148,2026-08-10,2746,Sepilok,I-148,,2,,2,,,,Raptors
Crested Serpent-Eagle,No,ACCIPITRIFORMES,"Hawks, Eagles, and Kites",MY-KL-FRIM-Aug-037,2026-08-17,2770,FRIM,C-037,,3,,1,,,,Raptors
Crested Serpent-Eagle,No,ACCIPITRIFORMES,"Hawks, Eagles, and Kites",MY-SepilokRDC-Aug-095,2026-08-10,2770,Sepilok,C-095,,3,,2,,,,Raptors
Crested Serpent-Eagle,No,ACCIPITRIFORMES,"Hawks, Eagles, and Kites",MY-TemanNegara-Aug-114,2026-08-10,2770,Mutiara,I-114,,3,,3,,,,Raptors
Wallace's Hawk-Eagle,Yes,ACCIPITRIFORMES,"Hawks, Eagles, and Kites",MY-SepilokRDC-Aug-013,2026-08-10,2783,Sepilok,C-013,,1,,1,Sepilok only,,,Raptors
Changeable Hawk-Eagle,Yes,ACCIPITRIFORMES,"Hawks, Eagles, and Kites",SG-PalauUbin-Aug-046,2026-08-10,2791,S-PUbin,C-046,,4,"Massive rounded wings. Pale morph: dark brown, white breast with dark streaks; juvenile much paler. Dark morph: dark all over with paler outer feathers in flight. ",1,,,,Raptors
Changeable Hawk-Eagle,Yes,ACCIPITRIFORMES,"Hawks, Eagles, and Kites",SG-SungeiBuloh-Aug-046,2026-08-10,2791,S-SBuloh,C-046,,4,,2,,,,Raptors
Changeable Hawk-Eagle,Yes,ACCIPITRIFORMES,"Hawks, Eagles, and Kites",MY-TemanNegara-Aug-101,2026-08-10,2791,Mutiara,I-101,,4,,3,,,,Raptors
Changeable Hawk-Eagle,Yes,ACCIPITRIFORMES,"Hawks, Eagles, and Kites",MY-SepilokRDC-Aug-143,2026-08-10,2791,Sepilok,I-143,,4,,4,,,,Raptors
Rufous-bellied Eagle,Yes,ACCIPITRIFORMES,"Hawks, Eagles, and Kites",MY-SepilokRDC-Aug-123,2026-08-10,2797,Sepilok,I-123,,1,,1,Sepilok only,Infrequent,,Raptors
Crested Goshawk,No,ACCIPITRIFORMES,"Hawks, Eagles, and Kites",MY-KL-FRIM-Aug-068,2026-08-17,2824,FRIM,I-068,,3,,1,,Infrequent,Yes,Raptors
Crested Goshawk,No,ACCIPITRIFORMES,"Hawks, Eagles, and Kites",SG-PalauUbin-Aug-076,2026-08-10,2824,S-PUbin,I-076,,3,,2,,Infrequent,Yes,Raptors
Crested Goshawk,No,ACCIPITRIFORMES,"Hawks, Eagles, and Kites",MY-SepilokRDC-Aug-118,2026-08-10,2824,Sepilok,I-118,,3,,3,,Infrequent,Yes,Raptors
Brahminy Kite,No,ACCIPITRIFORMES,"Hawks, Eagles, and Kites",MY-KL-FRIM-Aug-023,2026-08-17,2901,FRIM,C-023,,4,,1,,,,Raptors
Brahminy Kite,No,ACCIPITRIFORMES,"Hawks, Eagles, and Kites",SG-PalauUbin-Aug-029,2026-08-10,2901,S-PUbin,C-029,,4,,2,,,,Raptors
Brahminy Kite,No,ACCIPITRIFORMES,"Hawks, Eagles, and Kites",SG-SungeiBuloh-Aug-031,2026-08-10,2901,S-SBuloh,C-031,,4,,3,,,,Raptors
Brahminy Kite,No,ACCIPITRIFORMES,"Hawks, Eagles, and Kites",MY-SepilokRDC-Aug-065,2026-08-10,2901,Sepilok,C-065,,4,,4,,,,Raptors
White-bellied Sea-Eagle,Yes,ACCIPITRIFORMES,"Hawks, Eagles, and Kites",SG-PalauUbin-Aug-021,2026-08-10,2909,S-PUbin,C-021,,3,"Enormous and distinct raptor. Strong V in flight. White body and forewings, dark flight feathers.",1,,,,Raptors
White-bellied Sea-Eagle,Yes,ACCIPITRIFORMES,"Hawks, Eagles, and Kites",SG-SungeiBuloh-Aug-026,2026-08-10,2909,S-SBuloh,C-026,,3,,2,,,,Raptors
White-bellied Sea-Eagle,Yes,ACCIPITRIFORMES,"Hawks, Eagles, and Kites",MY-SepilokRDC-Aug-108,2026-08-10,2909,Sepilok,C-108,,3,,3,,,,Raptors
Lesser Fish-Eagle,Yes,ACCIPITRIFORMES,"Hawks, Eagles, and Kites",MY-TemanNegara-Aug-158,2026-08-10,2911,Mutiara,I-158,,1,,1,Mutiara only,Infrequent,,Raptors
Gray-headed Fish-Eagle,Yes,ACCIPITRIFORMES,"Hawks, Eagles, and Kites",SG-SungeiBuloh-Aug-064,2026-08-10,2912,S-SBuloh,C-064,,2,Mostly brown and white. Stark contrast between brown body & white belly/tail. Broad black bar at end of tail. Juvenile paler with more streaks and barring. Forages near water.,1,Sing only,,,Raptors
Gray-headed Fish-Eagle,Yes,ACCIPITRIFORMES,"Hawks, Eagles, and Kites",SG-PalauUbin-Aug-097,2026-08-10,2912,S-PUbin,I-097,,2,,2,Sing only,,,Raptors
Reddish Scops-Owl,Yes,STRIGIFORMES,Owls,MY-TemanNegara-Aug-131,2026-08-10,2996,Mutiara,I-131,,1,,1,Mutiara only,Infrequent,,Raptors
Collared Scops-Owl,Yes,STRIGIFORMES,Owls,SG-PalauUbin-Aug-075,2026-08-10,3006,S-PUbin,I-075,,3,,1,,Infrequent,,Raptors
Collared Scops-Owl,Yes,STRIGIFORMES,Owls,MY-KL-FRIM-Aug-078,2026-08-17,3006,FRIM,I-078,,3,,2,,Infrequent,,Raptors
Collared Scops-Owl,Yes,STRIGIFORMES,Owls,SG-SungeiBuloh-Aug-116,2026-08-10,3006,S-SBuloh,I-116,,3,,3,,Infrequent,,Raptors
Buffy Fish-Owl,Yes,STRIGIFORMES,Owls,SG-PalauUbin-Aug-070,2026-08-10,3099,S-PUbin,I-070,,2,,1,Sing only,Infrequent,,Raptors
Buffy Fish-Owl,Yes,STRIGIFORMES,Owls,SG-SungeiBuloh-Aug-091,2026-08-10,3099,S-SBuloh,I-091,,2,,2,Sing only,Infrequent,,Raptors
Barred Eagle-Owl,Yes,STRIGIFORMES,Owls,MY-SepilokRDC-Aug-130,2026-08-10,3104,Sepilok,I-130,,1,,1,Sepilok only,Infrequent,,Raptors
Spotted Wood-Owl,Yes,STRIGIFORMES,Owls,SG-PalauUbin-Aug-059,2026-08-10,3153,S-PUbin,C-059,,1,,1,Sing only,,,Raptors
Brown Boobook,Yes,STRIGIFORMES,Owls,SG-SungeiBuloh-Aug-117,2026-08-10,3197,S-SBuloh,I-117,,1,,1,Sing only,Infrequent,,Raptors
Red-naped Trogon,Yes,TROGONIFORMES,Trogons,MY-SepilokRDC-Aug-081,2026-08-10,3236,Sepilok,C-081,,2,,1,,,,Others
Red-naped Trogon,Yes,TROGONIFORMES,Trogons,MY-TemanNegara-Aug-086,2026-08-10,3236,Mutiara,C-086,,2,,2,,,,Others
Diard's Trogon,Yes,TROGONIFORMES,Trogons,MY-SepilokRDC-Aug-056,2026-08-10,3237,Sepilok,C-056,,2,,1,,,,Others
Diard's Trogon,Yes,TROGONIFORMES,Trogons,MY-TemanNegara-Aug-133,2026-08-10,3237,Mutiara,I-133,,2,,2,,,,Others
Scarlet-rumped Trogon,Yes,TROGONIFORMES,Trogons,MY-SepilokRDC-Aug-144,2026-08-10,3241,Sepilok,I-144,,2,,1,,Infrequent,,Others
Scarlet-rumped Trogon,Yes,TROGONIFORMES,Trogons,MY-TemanNegara-Aug-160,2026-08-10,3241,Mutiara,I-160,,2,,2,,Infrequent,,Others
White-crowned Hornbill,Yes,BUCEROTIFORMES,Hornbills,MY-SepilokRDC-Aug-137,2026-08-10,3307,Sepilok,I-137,New,1,,1,Sepilok only,Infrequent,,Others
Helmeted Hornbill,Yes,BUCEROTIFORMES,Hornbills,MY-TemanNegara-Aug-136,2026-08-10,3320,Mutiara,I-136,New,1,,1,Mutiara only,,,Others
Rhinoceros Hornbill,Yes,BUCEROTIFORMES,Hornbills,MY-SepilokRDC-Aug-011,2026-08-10,3322,Sepilok,C-011,New,3,,1,,,,Others
Rhinoceros Hornbill,Yes,BUCEROTIFORMES,Hornbills,MY-TemanNegara-Aug-020,2026-08-10,3322,Mutiara,C-020,New,3,,2,,,,Others
Rhinoceros Hornbill,Yes,BUCEROTIFORMES,Hornbills,MY-KL-FRIM-Aug-091,2026-08-17,3322,FRIM,I-091,New,3,,3,,,,Others
Great Hornbill,Yes,BUCEROTIFORMES,Hornbills,MY-TemanNegara-Aug-166,2026-08-10,3323,Mutiara,I-166,New,1,,1,Mutiara only,,,Others
Bushy-crested Hornbill,Yes,BUCEROTIFORMES,Hornbills,MY-SepilokRDC-Aug-094,2026-08-10,3324,Sepilok,C-094,New,2,,1,,,,Others
Bushy-crested Hornbill,Yes,BUCEROTIFORMES,Hornbills,MY-TemanNegara-Aug-174,2026-08-10,3324,Mutiara,I-174,New,2,,2,,,,Others
Black Hornbill,Yes,BUCEROTIFORMES,Hornbills,MY-SepilokRDC-Aug-002,2026-08-10,3330,Sepilok,C-002,New,2,,1,,,,Others
Black Hornbill,Yes,BUCEROTIFORMES,Hornbills,MY-TemanNegara-Aug-137,2026-08-10,3330,Mutiara,I-137,New,2,,2,,,,Others
Oriental Pied-Hornbill,Yes,BUCEROTIFORMES,Hornbills,SG-PalauUbin-Aug-022,2026-08-10,3333,S-PUbin,C-022,New,4,,1,,,,Others
Oriental Pied-Hornbill,Yes,BUCEROTIFORMES,Hornbills,MY-SepilokRDC-Aug-043,2026-08-10,3333,Sepilok,C-043,New,4,,2,,,,Others
Oriental Pied-Hornbill,Yes,BUCEROTIFORMES,Hornbills,SG-SungeiBuloh-Aug-058,2026-08-10,3333,S-SBuloh,C-058,New,4,,3,,,,Others
Oriental Pied-Hornbill,Yes,BUCEROTIFORMES,Hornbills,MY-TemanNegara-Aug-106,2026-08-10,3333,Mutiara,I-106,New,4,,4,,,,Others
Wreathed Hornbill,Yes,BUCEROTIFORMES,Hornbills,MY-TemanNegara-Aug-102,2026-08-10,3338,Mutiara,I-102,New,1,,1,Mutiara only,,,Others
Wrinkled Hornbill,Yes,BUCEROTIFORMES,Hornbills,MY-TemanNegara-Aug-167,2026-08-10,3343,Mutiara,I-167,New,1,,1,Mutiara only,Infrequent,,Others
Red-bearded Bee-eater,Yes,CORACIIFORMES,Bee-eaters,MY-SepilokRDC-Aug-113,2026-08-10,3351,Sepilok,I-113,,2,,1,,,,Others
Red-bearded Bee-eater,Yes,CORACIIFORMES,Bee-eaters,MY-TemanNegara-Aug-152,2026-08-10,3351,Mutiara,I-152,,2,,2,,,,Others
Blue-throated Bee-eater,Yes,CORACIIFORMES,Bee-eaters,MY-SepilokRDC-Aug-008,2026-08-10,3371,Sepilok,C-008,,5,"Bright blue throat, orange-brown crown and nape.",1,Widespread,,,Others
Blue-throated Bee-eater,Yes,CORACIIFORMES,Bee-eaters,SG-SungeiBuloh-Aug-013,2026-08-10,3371,S-SBuloh,C-013,,5,,2,Widespread,,,Others
Blue-throated Bee-eater,Yes,CORACIIFORMES,Bee-eaters,MY-KL-FRIM-Aug-017,2026-08-17,3371,FRIM,C-017,,5,,3,Widespread,,,Others
Blue-throated Bee-eater,Yes,CORACIIFORMES,Bee-eaters,SG-PalauUbin-Aug-030,2026-08-10,3371,S-PUbin,C-030,,5,,4,Widespread,,,Others
Blue-throated Bee-eater,Yes,CORACIIFORMES,Bee-eaters,MY-TemanNegara-Aug-115,2026-08-10,3371,Mutiara,I-115,,5,,5,Widespread,,,Others
Blue-tailed Bee-eater,No,CORACIIFORMES,Bee-eaters,MY-KL-FRIM-Aug-085,2026-08-17,3375,FRIM,I-085,,1,,1,FRIM only,Infrequent,,Others
Blue-eared Kingfisher,Yes,CORACIIFORMES,Kingfishers,MY-SepilokRDC-Aug-041,2026-08-10,3405,Sepilok,C-041,,3,,1,,,,Others
Blue-eared Kingfisher,Yes,CORACIIFORMES,Kingfishers,SG-SungeiBuloh-Aug-080,2026-08-10,3405,S-SBuloh,C-080,,3,,2,,,,Others
Blue-eared Kingfisher,Yes,CORACIIFORMES,Kingfishers,MY-TemanNegara-Aug-162,2026-08-10,3405,Mutiara,I-162,,3,,3,,,,Others
Malaysian Blue-banded Kingfisher,Yes,CORACIIFORMES,Kingfishers,MY-TemanNegara-Aug-073,2026-08-10,3406,Mutiara,C-073,,1,,1,Mutiara only,,,Others
Rufous-backed Dwarf-Kingfisher,Yes,CORACIIFORMES,Kingfishers,MY-SepilokRDC-Aug-031,2026-08-10,3416,Sepilok,C-031,,2,,1,,,,Others
Rufous-backed Dwarf-Kingfisher,Yes,CORACIIFORMES,Kingfishers,MY-TemanNegara-Aug-111,2026-08-10,3416,Mutiara,I-111,,2,,2,,,,Others
Banded Kingfisher,Yes,CORACIIFORMES,Kingfishers,MY-TemanNegara-Aug-150,2026-08-10,3438,Mutiara,I-150,,1,,1,Mutiara only,,,Others
Stork-billed Kingfisher,Yes,CORACIIFORMES,Kingfishers,SG-SungeiBuloh-Aug-041,2026-08-10,3447,S-SBuloh,C-041,,4,,1,,,,Others
Stork-billed Kingfisher,Yes,CORACIIFORMES,Kingfishers,MY-SepilokRDC-Aug-048,2026-08-10,3447,Sepilok,C-048,,4,,2,,,,Others
Stork-billed Kingfisher,Yes,CORACIIFORMES,Kingfishers,MY-TemanNegara-Aug-048,2026-08-10,3447,Mutiara,C-048,,4,,3,,,,Others
Stork-billed Kingfisher,Yes,CORACIIFORMES,Kingfishers,SG-PalauUbin-Aug-053,2026-08-10,3447,S-PUbin,C-053,,4,,4,,,,Others
White-throated Kingfisher,No,CORACIIFORMES,Kingfishers,MY-KL-FRIM-Aug-008,2026-08-17,3451,FRIM,C-008,,4,,1,,,,Others
White-throated Kingfisher,No,CORACIIFORMES,Kingfishers,SG-PalauUbin-Aug-023,2026-08-10,3451,S-PUbin,C-023,,4,,2,,,,Others
White-throated Kingfisher,No,CORACIIFORMES,Kingfishers,SG-SungeiBuloh-Aug-033,2026-08-10,3451,S-SBuloh,C-033,,4,,3,,,,Others
White-throated Kingfisher,No,CORACIIFORMES,Kingfishers,MY-TemanNegara-Aug-051,2026-08-10,3451,Mutiara,C-051,,4,,4,,,,Others
Collared Kingfisher,No,CORACIIFORMES,Kingfishers,SG-PalauUbin-Aug-006,2026-08-10,3483,S-PUbin,C-006,,4,,1,,,,Others
Collared Kingfisher,No,CORACIIFORMES,Kingfishers,SG-SungeiBuloh-Aug-009,2026-08-10,3483,S-SBuloh,C-009,,4,,2,,,,Others
Collared Kingfisher,No,CORACIIFORMES,Kingfishers,MY-SepilokRDC-Aug-087,2026-08-10,3483,Sepilok,C-087,,4,,3,,,,Others
Collared Kingfisher,No,CORACIIFORMES,Kingfishers,MY-KL-FRIM-Aug-097,2026-08-17,3483,FRIM,I-097,,4,,4,,,,Others
Rufous-collared Kingfisher,Yes,CORACIIFORMES,Kingfishers,MY-SepilokRDC-Aug-134,2026-08-10,3493,Sepilok,I-134,,2,,1,,Infrequent,,Others
Rufous-collared Kingfisher,Yes,CORACIIFORMES,Kingfishers,MY-TemanNegara-Aug-153,2026-08-10,3493,Mutiara,I-153,,2,,2,,Infrequent,,Others
Dollarbird,Yes,CORACIIFORMES,Rollers,SG-PalauUbin-Aug-038,2026-08-10,3529,S-PUbin,C-038,New,4,,1,,,,Others
Dollarbird,Yes,CORACIIFORMES,Rollers,SG-SungeiBuloh-Aug-045,2026-08-10,3529,S-SBuloh,C-045,New,4,,2,,,,Others
Dollarbird,Yes,CORACIIFORMES,Rollers,MY-TemanNegara-Aug-091,2026-08-10,3529,Mutiara,I-091,New,4,,3,,,,Others
Dollarbird,Yes,CORACIIFORMES,Rollers,MY-SepilokRDC-Aug-112,2026-08-10,3529,Sepilok,I-112,New,4,,4,,,,Others
Sooty Barbet,Yes,PICIFORMES,Asian Barbets,MY-KL-FRIM-Aug-064,2026-08-17,3634,FRIM,I-064,,2,,1,,,,Woodpeckers
Sooty Barbet,Yes,PICIFORMES,Asian Barbets,MY-TemanNegara-Aug-134,2026-08-10,3634,Mutiara,I-134,,2,,2,,,,Woodpeckers
Brown Barbet,Yes,PICIFORMES,Asian Barbets,MY-SepilokRDC-Aug-035,2026-08-10,3635,Sepilok,C-035,,1,,1,Sepilok only,,,Woodpeckers
Coppersmith Barbet,Yes,PICIFORMES,Asian Barbets,MY-KL-FRIM-Aug-029,2026-08-17,3638,FRIM,C-029,,4,,1,,,,Woodpeckers
Coppersmith Barbet,Yes,PICIFORMES,Asian Barbets,SG-SungeiBuloh-Aug-068,2026-08-10,3638,S-SBuloh,C-068,,4,,2,,,,Woodpeckers
Coppersmith Barbet,Yes,PICIFORMES,Asian Barbets,SG-PalauUbin-Aug-087,2026-08-10,3638,S-PUbin,I-087,,4,,3,,,,Woodpeckers
Coppersmith Barbet,Yes,PICIFORMES,Asian Barbets,MY-TemanNegara-Aug-173,2026-08-10,3638,Mutiara,I-173,,4,,4,,,,Woodpeckers
Black-eared Barbet,Yes,PICIFORMES,Asian Barbets,MY-SepilokRDC-Aug-006,2026-08-10,3640,Sepilok,C-006,,3,,1,,,,Woodpeckers
Black-eared Barbet,Yes,PICIFORMES,Asian Barbets,MY-TemanNegara-Aug-087,2026-08-10,3640,Mutiara,C-087,,3,,2,,,,Woodpeckers
Black-eared Barbet,Yes,PICIFORMES,Asian Barbets,MY-KL-FRIM-Aug-084,2026-08-17,3640,FRIM,I-084,,3,,3,,,,Woodpeckers
Red-crowned Barbet,Yes,PICIFORMES,Asian Barbets,SG-SungeiBuloh-Aug-084,2026-08-10,3646,S-SBuloh,I-084,,1,,1,Sing only,Infrequent,,Woodpeckers
Red-throated Barbet,Yes,PICIFORMES,Asian Barbets,MY-TemanNegara-Aug-069,2026-08-10,3647,Mutiara,C-069,,2,,1,,,,Woodpeckers
Red-throated Barbet,Yes,PICIFORMES,Asian Barbets,MY-SepilokRDC-Aug-132,2026-08-10,3647,Sepilok,I-132,,2,,2,,,,Woodpeckers
Yellow-crowned Barbet,Yes,PICIFORMES,Asian Barbets,MY-TemanNegara-Aug-056,2026-08-10,3650,Mutiara,C-056,,1,,1,Mutiara only,,,Woodpeckers
Lineated Barbet,Yes,PICIFORMES,Asian Barbets,SG-SungeiBuloh-Aug-018,2026-08-10,3653,S-SBuloh,C-018,,3,,1,,,,Woodpeckers
Lineated Barbet,Yes,PICIFORMES,Asian Barbets,SG-PalauUbin-Aug-090,2026-08-10,3653,S-PUbin,I-090,,3,,2,,,,Woodpeckers
Lineated Barbet,Yes,PICIFORMES,Asian Barbets,MY-KL-FRIM-Aug-101,2026-08-17,3653,FRIM,I-101,,3,,3,,,,Woodpeckers
Gold-whiskered Barbet,Yes,PICIFORMES,Asian Barbets,MY-KL-FRIM-Aug-022,2026-08-17,3661,FRIM,C-022,,3,,1,,,,Woodpeckers
Gold-whiskered Barbet,Yes,PICIFORMES,Asian Barbets,MY-TemanNegara-Aug-059,2026-08-10,3661,Mutiara,C-059,,3,,2,,,,Woodpeckers
Gold-whiskered Barbet,Yes,PICIFORMES,Asian Barbets,MY-SepilokRDC-Aug-152,2026-08-10,3661,Sepilok,I-152,,3,,3,,,,Woodpeckers
Rufous Piculet,Yes,PICIFORMES,Woodpeckers,MY-SepilokRDC-Aug-105,2026-08-10,3767,Sepilok,C-105,,2,,1,,,,Woodpeckers
Rufous Piculet,Yes,PICIFORMES,Woodpeckers,MY-TemanNegara-Aug-116,2026-08-10,3767,Mutiara,I-116,,2,,2,,,,Woodpeckers
Gray-and-buff Woodpecker,Yes,PICIFORMES,Woodpeckers,MY-SepilokRDC-Aug-090,2026-08-10,3770,Sepilok,C-090,,2,,1,,,,Woodpeckers
Gray-and-buff Woodpecker,Yes,PICIFORMES,Woodpeckers,MY-TemanNegara-Aug-140,2026-08-10,3770,Mutiara,I-140,,2,,2,,,,Woodpeckers
Sunda Pygmy Woodpecker,Yes,PICIFORMES,Woodpeckers,SG-PalauUbin-Aug-031,2026-08-10,3807,S-PUbin,C-031,,3,,1,,,,Woodpeckers
Sunda Pygmy Woodpecker,Yes,PICIFORMES,Woodpeckers,SG-SungeiBuloh-Aug-050,2026-08-10,3807,S-SBuloh,C-050,,3,,2,,,,Woodpeckers
Sunda Pygmy Woodpecker,Yes,PICIFORMES,Woodpeckers,MY-SepilokRDC-Aug-135,2026-08-10,3807,Sepilok,I-135,,3,,3,,,,Woodpeckers
Maroon Woodpecker,Yes,PICIFORMES,Woodpeckers,MY-TemanNegara-Aug-082,2026-08-10,3867,Mutiara,C-082,,2,,1,,,,Woodpeckers
Maroon Woodpecker,Yes,PICIFORMES,Woodpeckers,MY-SepilokRDC-Aug-104,2026-08-10,3867,Sepilok,C-104,,2,,2,,,,Woodpeckers
Orange-backed Woodpecker,Yes,PICIFORMES,Woodpeckers,MY-SepilokRDC-Aug-102,2026-08-10,3869,Sepilok,C-102,,2,,1,,,,Woodpeckers
Orange-backed Woodpecker,Yes,PICIFORMES,Woodpeckers,MY-TemanNegara-Aug-110,2026-08-10,3869,Mutiara,I-110,,2,,2,,,,Woodpeckers
Rufous Woodpecker,Yes,PICIFORMES,Woodpeckers,SG-PalauUbin-Aug-056,2026-08-10,3890,S-PUbin,C-056,,5,,1,Widespread,,,Woodpeckers
Rufous Woodpecker,Yes,PICIFORMES,Woodpeckers,SG-SungeiBuloh-Aug-066,2026-08-10,3890,S-SBuloh,C-066,,5,,2,Widespread,,,Woodpeckers
Rufous Woodpecker,Yes,PICIFORMES,Woodpeckers,MY-KL-FRIM-Aug-071,2026-08-17,3890,FRIM,I-071,,5,,3,Widespread,,,Woodpeckers
Rufous Woodpecker,Yes,PICIFORMES,Woodpeckers,MY-SepilokRDC-Aug-120,2026-08-10,3890,Sepilok,I-120,,5,,4,Widespread,,,Woodpeckers
Rufous Woodpecker,Yes,PICIFORMES,Woodpeckers,MY-TemanNegara-Aug-128,2026-08-10,3890,Mutiara,I-128,,5,,5,Widespread,,,Woodpeckers
Buff-necked Woodpecker,Yes,PICIFORMES,Woodpeckers,MY-TemanNegara-Aug-038,2026-08-10,3891,Mutiara,C-038,,3,,1,,,,Woodpeckers
Buff-necked Woodpecker,Yes,PICIFORMES,Woodpeckers,MY-SepilokRDC-Aug-080,2026-08-10,3891,Sepilok,C-080,,3,,2,,,,Woodpeckers
Buff-necked Woodpecker,Yes,PICIFORMES,Woodpeckers,MY-KL-FRIM-Aug-092,2026-08-17,3891,FRIM,I-092,,3,,3,,,,Woodpeckers
Buff-rumped Woodpecker,Yes,PICIFORMES,Woodpeckers,MY-KL-FRIM-Aug-053,2026-08-17,3892,FRIM,C-053,,3,,1,,,,Woodpeckers
Buff-rumped Woodpecker,Yes,PICIFORMES,Woodpeckers,MY-SepilokRDC-Aug-093,2026-08-10,3892,Sepilok,C-093,,3,,2,,,,Woodpeckers
Buff-rumped Woodpecker,Yes,PICIFORMES,Woodpeckers,MY-TemanNegara-Aug-093,2026-08-10,3892,Mutiara,I-093,,3,,3,,,,Woodpeckers
Common Flameback,Yes,PICIFORMES,Woodpeckers,SG-SungeiBuloh-Aug-017,2026-08-10,3899,S-SBuloh,C-017,,3,,1,,,,Woodpeckers
Common Flameback,Yes,PICIFORMES,Woodpeckers,SG-PalauUbin-Aug-027,2026-08-10,3899,S-PUbin,C-027,,3,,2,,,,Woodpeckers
Common Flameback,Yes,PICIFORMES,Woodpeckers,MY-KL-FRIM-Aug-030,2026-08-17,3899,FRIM,C-030,,3,,3,,,,Woodpeckers
Crimson-winged Woodpecker,Yes,PICIFORMES,Woodpeckers,MY-KL-FRIM-Aug-036,2026-08-17,3904,FRIM,C-036,,3,,1,,,,Woodpeckers
Crimson-winged Woodpecker,Yes,PICIFORMES,Woodpeckers,MY-TemanNegara-Aug-067,2026-08-10,3904,Mutiara,C-067,,3,,2,,,,Woodpeckers
Crimson-winged Woodpecker,Yes,PICIFORMES,Woodpeckers,MY-SepilokRDC-Aug-106,2026-08-10,3904,Sepilok,C-106,,3,,3,,,,Woodpeckers
Laced Woodpecker,Yes,PICIFORMES,Woodpeckers,SG-PalauUbin-Aug-040,2026-08-10,3909,S-PUbin,C-040,,2,,1,Sing only,,,Woodpeckers
Laced Woodpecker,Yes,PICIFORMES,Woodpeckers,SG-SungeiBuloh-Aug-054,2026-08-10,3909,S-SBuloh,C-054,,2,,2,Sing only,,,Woodpeckers
Banded Woodpecker,Yes,PICIFORMES,Woodpeckers,MY-KL-FRIM-Aug-039,2026-08-17,3916,FRIM,C-039,,4,,1,,,,Woodpeckers
Banded Woodpecker,Yes,PICIFORMES,Woodpeckers,SG-SungeiBuloh-Aug-042,2026-08-10,3916,S-SBuloh,C-042,,4,,2,,,,Woodpeckers
Banded Woodpecker,Yes,PICIFORMES,Woodpeckers,MY-TemanNegara-Aug-045,2026-08-10,3916,Mutiara,C-045,,4,,3,,,,Woodpeckers
Banded Woodpecker,Yes,PICIFORMES,Woodpeckers,MY-SepilokRDC-Aug-074,2026-08-10,3916,Sepilok,C-074,,4,,4,,,,Woodpeckers
Checker-throated Woodpecker,Yes,PICIFORMES,Woodpeckers,MY-TemanNegara-Aug-078,2026-08-10,3918,Mutiara,C-078,,1,,1,Mutiara only,,,Woodpeckers
Great Slaty Woodpecker,Yes,PICIFORMES,Woodpeckers,MY-SepilokRDC-Aug-115,2026-08-10,3935,Sepilok,I-115,,2,,1,,Infrequent,,Woodpeckers
Great Slaty Woodpecker,Yes,PICIFORMES,Woodpeckers,MY-TemanNegara-Aug-129,2026-08-10,3935,Mutiara,I-129,,2,,2,,Infrequent,,Woodpeckers
White-bellied Woodpecker,Yes,PICIFORMES,Woodpeckers,MY-SepilokRDC-Aug-061,2026-08-10,3939,Sepilok,C-061,,2,,1,,,,Woodpeckers
White-bellied Woodpecker,Yes,PICIFORMES,Woodpeckers,MY-TemanNegara-Aug-154,2026-08-10,3939,Mutiara,I-154,,2,,2,,,,Woodpeckers
Black-thighed Falconet,Yes,FALCONIFORMES,Falcons and Caracaras,MY-KL-FRIM-Aug-027,2026-08-17,4000,FRIM,C-027,,2,"Unique black ""earmuffs."" Dark above, white breast, rusty belly. Social, sometimes seen in small flocks.",1,,,,Raptors
Black-thighed Falconet,Yes,FALCONIFORMES,Falcons and Caracaras,MY-TemanNegara-Aug-085,2026-08-10,4000,Mutiara,C-085,,2,,2,,,,Raptors
White-fronted Falconet,Yes,FALCONIFORMES,Falcons and Caracaras,MY-SepilokRDC-Aug-138,2026-08-10,4001,Sepilok,I-138,,1,,1,Sepilok only,Infrequent,,Raptors
Tanimbar Corella,No,PSITTACIFORMES,Cockatoos,SG-PalauUbin-Aug-054,2026-08-10,4057,S-PUbin,C-054,,2,,1,Sing only,,Yes,Parrots
Tanimbar Corella,No,PSITTACIFORMES,Cockatoos,SG-SungeiBuloh-Aug-114,2026-08-10,4057,S-SBuloh,I-114,,2,,2,Sing only,,Yes,Parrots
Blue-rumped Parrot,Yes,PSITTACIFORMES,Old World Parrots,SG-SungeiBuloh-Aug-115,2026-08-10,4105,S-SBuloh,I-115,,3,,1,,Infrequent,,Parrots
Blue-rumped Parrot,Yes,PSITTACIFORMES,Old World Parrots,MY-SepilokRDC-Aug-146,2026-08-10,4105,Sepilok,I-146,,3,,2,,Infrequent,,Parrots
Blue-rumped Parrot,Yes,PSITTACIFORMES,Old World Parrots,MY-TemanNegara-Aug-148,2026-08-10,4105,Mutiara,I-148,,3,,3,,Infrequent,,Parrots
Rose-ringed Parakeet,No,PSITTACIFORMES,Old World Parrots,SG-PalauUbin-Aug-028,2026-08-10,4110,S-PUbin,C-028,,2,,1,Sing only,,Yes,Parrots
Rose-ringed Parakeet,No,PSITTACIFORMES,Old World Parrots,SG-SungeiBuloh-Aug-048,2026-08-10,4110,S-SBuloh,C-048,,2,,2,Sing only,,Yes,Parrots
Red-breasted Parakeet,Yes,PSITTACIFORMES,Old World Parrots,SG-PalauUbin-Aug-013,2026-08-10,4119,S-PUbin,C-013,,2,,1,Sing only,,,Parrots
Red-breasted Parakeet,Yes,PSITTACIFORMES,Old World Parrots,SG-SungeiBuloh-Aug-037,2026-08-10,4119,S-SBuloh,C-037,,2,,2,Sing only,,,Parrots
Long-tailed Parakeet,Yes,PSITTACIFORMES,Old World Parrots,SG-SungeiBuloh-Aug-032,2026-08-10,4122,S-SBuloh,C-032,,3,,1,,,,Parrots
Long-tailed Parakeet,Yes,PSITTACIFORMES,Old World Parrots,MY-SepilokRDC-Aug-037,2026-08-10,4122,Sepilok,C-037,,3,,2,,,,Parrots
Long-tailed Parakeet,Yes,PSITTACIFORMES,Old World Parrots,SG-PalauUbin-Aug-051,2026-08-10,4122,S-PUbin,C-051,,3,,3,,,,Parrots
Coconut Lorikeet,Yes,PSITTACIFORMES,Old World Parrots,SG-SungeiBuloh-Aug-090,2026-08-10,4237,S-SBuloh,I-090,,1,,1,Sing only,Infrequent,,Parrots
Blue-crowned Hanging-Parrot,Yes,PSITTACIFORMES,Old World Parrots,MY-SepilokRDC-Aug-030,2026-08-10,4250,Sepilok,C-030,,4,,1,,,,Parrots
Blue-crowned Hanging-Parrot,Yes,PSITTACIFORMES,Old World Parrots,SG-SungeiBuloh-Aug-035,2026-08-10,4250,S-SBuloh,C-035,,4,,2,,,,Parrots
Blue-crowned Hanging-Parrot,Yes,PSITTACIFORMES,Old World Parrots,MY-TemanNegara-Aug-042,2026-08-10,4250,Mutiara,C-042,,4,,3,,,,Parrots
Blue-crowned Hanging-Parrot,Yes,PSITTACIFORMES,Old World Parrots,MY-KL-FRIM-Aug-049,2026-08-17,4250,FRIM,C-049,,4,,4,,,,Parrots
Monk Parakeet,No,PSITTACIFORMES,New World and African Parrots,SG-PalauUbin-Aug-065,2026-08-10,4296,S-PUbin,I-065,,1,,1,Sing only,Infrequent,Yes,Parrots
Green Broadbill,Yes,PASSERIFORMES,African and Green Broadbills,MY-TemanNegara-Aug-015,2026-08-10,4459,Mutiara,C-015,New,1,,1,Mutiara only,,,Broadbills & Pittas
Dusky Broadbill,Yes,PASSERIFORMES,Asian and Grauer's Broadbills,MY-TemanNegara-Aug-075,2026-08-10,4464,Mutiara,C-075,New,1,,1,Mutiara only,,,Broadbills & Pittas
Black-and-red Broadbill,Yes,PASSERIFORMES,Asian and Grauer's Broadbills,MY-TemanNegara-Aug-006,2026-08-10,4469,Mutiara,C-006,New,3,,1,,,,Broadbills & Pittas
Black-and-red Broadbill,Yes,PASSERIFORMES,Asian and Grauer's Broadbills,MY-KL-FRIM-Aug-044,2026-08-17,4469,FRIM,C-044,New,3,,2,,,,Broadbills & Pittas
Black-and-red Broadbill,Yes,PASSERIFORMES,Asian and Grauer's Broadbills,MY-SepilokRDC-Aug-054,2026-08-10,4469,Sepilok,C-054,New,3,,3,,,,Broadbills & Pittas
Banded Broadbill,Yes,PASSERIFORMES,Asian and Grauer's Broadbills,MY-TemanNegara-Aug-053,2026-08-10,4470,Mutiara,C-053,New,1,,1,Mutiara only,,,Broadbills & Pittas
Black-and-yellow Broadbill,Yes,PASSERIFORMES,Asian and Grauer's Broadbills,MY-SepilokRDC-Aug-010,2026-08-10,4471,Sepilok,C-010,New,3,,1,,,,Broadbills & Pittas
Black-and-yellow Broadbill,Yes,PASSERIFORMES,Asian and Grauer's Broadbills,MY-TemanNegara-Aug-010,2026-08-10,4471,Mutiara,C-010,New,3,,2,,,,Broadbills & Pittas
Black-and-yellow Broadbill,Yes,PASSERIFORMES,Asian and Grauer's Broadbills,MY-KL-FRIM-Aug-082,2026-08-17,4471,FRIM,I-082,New,3,,3,,,,Broadbills & Pittas
Black-crowned Pitta,Yes,PASSERIFORMES,Pittas,MY-SepilokRDC-Aug-036,2026-08-10,4487,Sepilok,C-036,New,1,,1,Sepilok only,,,Broadbills & Pittas
Garnet Pitta,Yes,PASSERIFORMES,Pittas,MY-TemanNegara-Aug-064,2026-08-10,4489,Mutiara,C-064,New,1,,1,Mutiara only,,,Broadbills & Pittas
Malayan Banded-Pitta,Yes,PASSERIFORMES,Pittas,MY-TemanNegara-Aug-130,2026-08-10,4496,Mutiara,I-130,New,1,,1,Mutiara only,Infrequent,,Broadbills & Pittas
Western Hooded Pitta,Yes,PASSERIFORMES,Pittas,MY-SepilokRDC-Aug-082,2026-08-10,4509,Sepilok,C-082,New,1,,1,Sepilok only,,,Broadbills & Pittas
Mangrove Pitta,Yes,PASSERIFORMES,Pittas,SG-PalauUbin-Aug-098,2026-08-10,4520,S-PUbin,I-098,New,1,,1,Sing only,Infrequent,,Broadbills & Pittas
Golden-bellied Gerygone,Yes,PASSERIFORMES,Thornbills and Allies,SG-PalauUbin-Aug-045,2026-08-10,6176,S-PUbin,C-045,,2,,1,Sing only,,,Reed & Leaf
Golden-bellied Gerygone,Yes,PASSERIFORMES,Thornbills and Allies,SG-SungeiBuloh-Aug-093,2026-08-10,6176,S-SBuloh,I-093,,2,,2,Sing only,,,Reed & Leaf
Fiery Minivet,Yes,PASSERIFORMES,Cuckooshrikes,MY-SepilokRDC-Aug-060,2026-08-10,6209,Sepilok,C-060,,2,,1,,,,Stately Perchers
Fiery Minivet,Yes,PASSERIFORMES,Cuckooshrikes,MY-TemanNegara-Aug-126,2026-08-10,6209,Mutiara,I-126,,2,,2,,,,Stately Perchers
Scarlet Minivet,Yes,PASSERIFORMES,Cuckooshrikes,MY-KL-FRIM-Aug-094,2026-08-17,6217,FRIM,I-094,,3,,1,,,,Stately Perchers
Scarlet Minivet,Yes,PASSERIFORMES,Cuckooshrikes,MY-SepilokRDC-Aug-126,2026-08-10,6217,Sepilok,I-126,,3,,2,,,,Stately Perchers
Scarlet Minivet,Yes,PASSERIFORMES,Cuckooshrikes,MY-TemanNegara-Aug-138,2026-08-10,6217,Mutiara,I-138,,3,,3,,,,Stately Perchers
Bar-bellied Cuckooshrike,Yes,PASSERIFORMES,Cuckooshrikes,MY-TemanNegara-Aug-090,2026-08-10,6242,Mutiara,I-090,,1,,1,Mutiara only,Infrequent,,Stately Perchers
Pied Triller,Yes,PASSERIFORMES,Cuckooshrikes,MY-KL-FRIM-Aug-040,2026-08-17,6274,FRIM,C-040,,3,,1,,,,Stately Perchers
Pied Triller,Yes,PASSERIFORMES,Cuckooshrikes,SG-PalauUbin-Aug-043,2026-08-10,6274,S-PUbin,C-043,,3,,2,,,,Stately Perchers
Pied Triller,Yes,PASSERIFORMES,Cuckooshrikes,SG-SungeiBuloh-Aug-051,2026-08-10,6274,S-SBuloh,C-051,,3,,3,,,,Stately Perchers
Lesser Cuckooshrike,Yes,PASSERIFORMES,Cuckooshrikes,MY-SepilokRDC-Aug-084,2026-08-10,6280,Sepilok,C-084,,2,,1,,,,Stately Perchers
Lesser Cuckooshrike,Yes,PASSERIFORMES,Cuckooshrikes,MY-TemanNegara-Aug-176,2026-08-10,6280,Mutiara,I-176,,2,,2,,,,Stately Perchers
White-bellied Erpornis,Yes,PASSERIFORMES,"Vireos, Shrike-Babblers, and Erpornis",MY-SepilokRDC-Aug-076,2026-08-10,6343,Sepilok,C-076,,2,,1,,,,Stately Perchers
White-bellied Erpornis,Yes,PASSERIFORMES,"Vireos, Shrike-Babblers, and Erpornis",MY-TemanNegara-Aug-120,2026-08-10,6343,Mutiara,I-120,,2,,2,,,,Stately Perchers
Dark-throated Oriole,Yes,PASSERIFORMES,Old World Orioles,MY-TemanNegara-Aug-083,2026-08-10,6475,Mutiara,C-083,,1,,1,Mutiara only,,,Stately Perchers
Ventriloquial Oriole,Yes,PASSERIFORMES,Old World Orioles,MY-SepilokRDC-Aug-119,2026-08-10,6476,Sepilok,I-119,,1,,1,Sepilok only,Infrequent,,Stately Perchers
Black-naped Oriole,Yes,PASSERIFORMES,Old World Orioles,MY-KL-FRIM-Aug-003,2026-08-17,6483,FRIM,C-003,,3,,1,,,,Stately Perchers
Black-naped Oriole,Yes,PASSERIFORMES,Old World Orioles,SG-PalauUbin-Aug-003,2026-08-10,6483,S-PUbin,C-003,,3,,2,,,,Stately Perchers
Black-naped Oriole,Yes,PASSERIFORMES,Old World Orioles,MY-TemanNegara-Aug-068,2026-08-10,6483,Mutiara,C-068,,3,,3,,,,Stately Perchers
White-breasted Woodswallow,Yes,PASSERIFORMES,"Woodswallows, Bellmagpies, and Allies",MY-SepilokRDC-Aug-139,2026-08-10,6509,Sepilok,I-139,,1,,1,Sepilok only,Infrequent,,Swifts & Nightjars
Large Woodshrike,Yes,PASSERIFORMES,"Vangas, Helmetshrikes, and Allies",MY-KL-FRIM-Aug-042,2026-08-17,6573,FRIM,C-042,New,2,,1,,,,Stately Perchers
Large Woodshrike,Yes,PASSERIFORMES,"Vangas, Helmetshrikes, and Allies",MY-SepilokRDC-Aug-125,2026-08-10,6573,Sepilok,I-125,New,2,,2,,,,Stately Perchers
Black-winged Flycatcher-shrike,Yes,PASSERIFORMES,"Vangas, Helmetshrikes, and Allies",MY-SepilokRDC-Aug-026,2026-08-10,6577,Sepilok,C-026,New,3,,1,,,,Stately Perchers
Black-winged Flycatcher-shrike,Yes,PASSERIFORMES,"Vangas, Helmetshrikes, and Allies",MY-KL-FRIM-Aug-066,2026-08-17,6577,FRIM,I-066,New,3,,2,,,,Stately Perchers
Black-winged Flycatcher-shrike,Yes,PASSERIFORMES,"Vangas, Helmetshrikes, and Allies",MY-TemanNegara-Aug-112,2026-08-10,6577,Mutiara,I-112,New,3,,3,,,,Stately Perchers
Rufous-winged Philentoma,Yes,PASSERIFORMES,"Vangas, Helmetshrikes, and Allies",MY-TemanNegara-Aug-008,2026-08-10,6578,Mutiara,C-008,New,2,,1,,,,Stately Perchers
Rufous-winged Philentoma,Yes,PASSERIFORMES,"Vangas, Helmetshrikes, and Allies",MY-SepilokRDC-Aug-099,2026-08-10,6578,Sepilok,C-099,New,2,,2,,,,Stately Perchers
Bornean Bristlehead,Yes,PASSERIFORMES,Bristlehead,MY-SepilokRDC-Aug-101,2026-08-10,6602,Sepilok,C-101,New,1,,1,Sepilok only,,,Others
Common Iora,Yes,PASSERIFORMES,Ioras,SG-SungeiBuloh-Aug-012,2026-08-10,6603,S-SBuloh,C-012,New,5,,1,Widespread,,,Reed & Leaf
Common Iora,Yes,PASSERIFORMES,Ioras,SG-PalauUbin-Aug-017,2026-08-10,6603,S-PUbin,C-017,New,5,,2,Widespread,,,Reed & Leaf
Common Iora,Yes,PASSERIFORMES,Ioras,MY-KL-FRIM-Aug-020,2026-08-17,6603,FRIM,C-020,New,5,,3,Widespread,,,Reed & Leaf
Common Iora,Yes,PASSERIFORMES,Ioras,MY-SepilokRDC-Aug-057,2026-08-10,6603,Sepilok,C-057,New,5,,4,Widespread,,,Reed & Leaf
Common Iora,Yes,PASSERIFORMES,Ioras,MY-TemanNegara-Aug-142,2026-08-10,6603,Mutiara,I-142,New,5,,5,Widespread,,,Reed & Leaf
Green Iora,Yes,PASSERIFORMES,Ioras,MY-SepilokRDC-Aug-017,2026-08-10,6605,Sepilok,C-017,New,1,,1,Sepilok only,,,Reed & Leaf
Spotted Fantail,Yes,PASSERIFORMES,Fantails,MY-TemanNegara-Aug-096,2026-08-10,6668,Mutiara,I-096,,1,,1,Mutiara only,Infrequent,,Stately Perchers
Malaysian Pied-Fantail,Yes,PASSERIFORMES,Fantails,MY-SepilokRDC-Aug-015,2026-08-10,6678,Sepilok,C-015,,4,"Dark above, white below. All white belly and plain back distinct amongst fantails in range.",1,,,,Stately Perchers
Malaysian Pied-Fantail,Yes,PASSERIFORMES,Fantails,SG-PalauUbin-Aug-019,2026-08-10,6678,S-PUbin,C-019,,4,,2,,,,Stately Perchers
Malaysian Pied-Fantail,Yes,PASSERIFORMES,Fantails,SG-SungeiBuloh-Aug-019,2026-08-10,6678,S-SBuloh,C-019,,4,,3,,,,Stately Perchers
Malaysian Pied-Fantail,Yes,PASSERIFORMES,Fantails,MY-KL-FRIM-Aug-025,2026-08-17,6678,FRIM,C-025,,4,,4,,,,Stately Perchers
Bronzed Drongo,Yes,PASSERIFORMES,Drongos,MY-TemanNegara-Aug-080,2026-08-10,6734,Mutiara,C-080,,1,,1,Mutiara only,,,Stately Perchers
Greater Racket-tailed Drongo,Yes,PASSERIFORMES,Drongos,MY-TemanNegara-Aug-002,2026-08-10,6747,Mutiara,C-002,,5,,1,Widespread,,,Stately Perchers
Greater Racket-tailed Drongo,Yes,PASSERIFORMES,Drongos,MY-SepilokRDC-Aug-014,2026-08-10,6747,Sepilok,C-014,,5,,2,Widespread,,,Stately Perchers
Greater Racket-tailed Drongo,Yes,PASSERIFORMES,Drongos,SG-SungeiBuloh-Aug-024,2026-08-10,6747,S-SBuloh,C-024,,5,,3,Widespread,,,Stately Perchers
Greater Racket-tailed Drongo,Yes,PASSERIFORMES,Drongos,MY-KL-FRIM-Aug-026,2026-08-17,6747,FRIM,C-026,,5,,4,Widespread,,,Stately Perchers
Greater Racket-tailed Drongo,Yes,PASSERIFORMES,Drongos,SG-PalauUbin-Aug-083,2026-08-10,6747,S-PUbin,I-083,,5,,5,Widespread,,,Stately Perchers
Black-naped Monarch,No,PASSERIFORMES,Monarch Flycatchers,MY-TemanNegara-Aug-023,2026-08-10,6797,Mutiara,C-023,,2,,1,,,Yes,Stately Perchers
Black-naped Monarch,No,PASSERIFORMES,Monarch Flycatchers,MY-SepilokRDC-Aug-055,2026-08-10,6797,Sepilok,C-055,,2,,2,,,Yes,Stately Perchers
Blyth's Paradise-Flycatcher,Yes,PASSERIFORMES,Monarch Flycatchers,MY-TemanNegara-Aug-076,2026-08-10,6804,Mutiara,C-076,,2,,1,,,,Stately Perchers
Blyth's Paradise-Flycatcher,Yes,PASSERIFORMES,Monarch Flycatchers,MY-SepilokRDC-Aug-153,2026-08-10,6804,Sepilok,I-153,,2,,2,,,,Stately Perchers
Crested Jayshrike,Yes,PASSERIFORMES,Crested Jayshrike,MY-TemanNegara-Aug-072,2026-08-10,6903,Mutiara,C-072,New,1,,1,Mutiara only,,,Stately Perchers
Long-tailed Shrike,Yes,PASSERIFORMES,Shrikes,SG-PalauUbin-Aug-037,2026-08-10,6915,S-PUbin,C-037,,1,,1,Sing only,,,Stately Perchers
Malayan Black Magpie,Yes,PASSERIFORMES,"Crows, Jays, and Magpies",MY-TemanNegara-Aug-027,2026-08-10,6938,Mutiara,C-027,,2,,1,,,,Stately Perchers
Malayan Black Magpie,Yes,PASSERIFORMES,"Crows, Jays, and Magpies",MY-KL-FRIM-Aug-093,2026-08-17,6938,FRIM,I-093,,2,,2,,,,Stately Perchers
Bornean Black Magpie,Yes,PASSERIFORMES,"Crows, Jays, and Magpies",MY-SepilokRDC-Aug-053,2026-08-10,6939,Sepilok,C-053,,1,,1,Sepilok only,,,Stately Perchers
House Crow,No,PASSERIFORMES,"Crows, Jays, and Magpies",SG-PalauUbin-Aug-005,2026-08-10,7026,S-PUbin,C-005,,3,,1,,,,Stately Perchers
House Crow,No,PASSERIFORMES,"Crows, Jays, and Magpies",SG-SungeiBuloh-Aug-006,2026-08-10,7026,S-SBuloh,C-006,,3,,2,,,,Stately Perchers
House Crow,No,PASSERIFORMES,"Crows, Jays, and Magpies",MY-KL-FRIM-Aug-010,2026-08-17,7026,FRIM,C-010,,3,,3,,,,Stately Perchers
Sunda Crow,Yes,PASSERIFORMES,"Crows, Jays, and Magpies",MY-SepilokRDC-Aug-064,2026-08-10,7029,Sepilok,C-064,,2,,1,,,,Stately Perchers
Sunda Crow,Yes,PASSERIFORMES,"Crows, Jays, and Magpies",MY-TemanNegara-Aug-103,2026-08-10,7029,Mutiara,I-103,,2,,2,,,,Stately Perchers
Large-billed Crow,No,PASSERIFORMES,"Crows, Jays, and Magpies",MY-TemanNegara-Aug-052,2026-08-10,7058,Mutiara,C-052,,4,,1,,,Yes,Stately Perchers
Large-billed Crow,No,PASSERIFORMES,"Crows, Jays, and Magpies",SG-PalauUbin-Aug-055,2026-08-10,7058,S-PUbin,C-055,,4,,2,,,Yes,Stately Perchers
Large-billed Crow,No,PASSERIFORMES,"Crows, Jays, and Magpies",SG-SungeiBuloh-Aug-075,2026-08-10,7058,S-SBuloh,C-075,,4,,3,,,Yes,Stately Perchers
Large-billed Crow,No,PASSERIFORMES,"Crows, Jays, and Magpies",MY-KL-FRIM-Aug-060,2026-08-17,7058,FRIM,I-060,,4,,4,,,Yes,Stately Perchers
Malaysian Rail-babbler,Yes,PASSERIFORMES,Rail-babbler,MY-TemanNegara-Aug-062,2026-08-10,7150,Mutiara,C-062,New,1,,1,Mutiara only,,,Others
Gray-headed Canary-Flycatcher,Yes,PASSERIFORMES,Fairy Flycatchers,MY-TemanNegara-Aug-118,2026-08-10,7162,Mutiara,I-118,New,1,,1,Mutiara only,,,Stately Perchers
Common Tailorbird,Yes,PASSERIFORMES,Cisticolas and Allies,SG-PalauUbin-Aug-018,2026-08-10,7418,S-PUbin,C-018,,4,,1,,,,Reed & Leaf
Common Tailorbird,Yes,PASSERIFORMES,Cisticolas and Allies,MY-KL-FRIM-Aug-019,2026-08-17,7418,FRIM,C-019,,4,,2,,,,Reed & Leaf
Common Tailorbird,Yes,PASSERIFORMES,Cisticolas and Allies,SG-SungeiBuloh-Aug-025,2026-08-10,7418,S-SBuloh,C-025,,4,,3,,,,Reed & Leaf
Common Tailorbird,Yes,PASSERIFORMES,Cisticolas and Allies,MY-TemanNegara-Aug-029,2026-08-10,7418,Mutiara,C-029,,4,,4,,,,Reed & Leaf
Dark-necked Tailorbird,Yes,PASSERIFORMES,Cisticolas and Allies,SG-SungeiBuloh-Aug-036,2026-08-10,7420,S-SBuloh,C-036,,5,,1,Widespread,,,Reed & Leaf
Dark-necked Tailorbird,Yes,PASSERIFORMES,Cisticolas and Allies,MY-KL-FRIM-Aug-041,2026-08-17,7420,FRIM,C-041,,5,,2,Widespread,,,Reed & Leaf
Dark-necked Tailorbird,Yes,PASSERIFORMES,Cisticolas and Allies,SG-PalauUbin-Aug-061,2026-08-10,7420,S-PUbin,C-061,,5,,3,Widespread,,,Reed & Leaf
Dark-necked Tailorbird,Yes,PASSERIFORMES,Cisticolas and Allies,MY-SepilokRDC-Aug-070,2026-08-10,7420,Sepilok,C-070,,5,,4,Widespread,,,Reed & Leaf
Dark-necked Tailorbird,Yes,PASSERIFORMES,Cisticolas and Allies,MY-TemanNegara-Aug-105,2026-08-10,7420,Mutiara,I-105,,5,,5,Widespread,,,Reed & Leaf
Ashy Tailorbird,Yes,PASSERIFORMES,Cisticolas and Allies,MY-SepilokRDC-Aug-001,2026-08-10,7422,Sepilok,C-001,,3,,1,,,,Reed & Leaf
Ashy Tailorbird,Yes,PASSERIFORMES,Cisticolas and Allies,SG-PalauUbin-Aug-016,2026-08-10,7422,S-PUbin,C-016,,3,,2,,,,Reed & Leaf
Ashy Tailorbird,Yes,PASSERIFORMES,Cisticolas and Allies,SG-SungeiBuloh-Aug-016,2026-08-10,7422,S-SBuloh,C-016,,3,,3,,,,Reed & Leaf
Rufous-tailed Tailorbird,Yes,PASSERIFORMES,Cisticolas and Allies,MY-SepilokRDC-Aug-034,2026-08-10,7424,Sepilok,C-034,,4,,1,,,,Reed & Leaf
Rufous-tailed Tailorbird,Yes,PASSERIFORMES,Cisticolas and Allies,SG-SungeiBuloh-Aug-061,2026-08-10,7424,S-SBuloh,C-061,,4,,2,,,,Reed & Leaf
Rufous-tailed Tailorbird,Yes,PASSERIFORMES,Cisticolas and Allies,MY-TemanNegara-Aug-070,2026-08-10,7424,Mutiara,C-070,,4,,3,,,,Reed & Leaf
Rufous-tailed Tailorbird,Yes,PASSERIFORMES,Cisticolas and Allies,MY-KL-FRIM-Aug-089,2026-08-17,7424,FRIM,I-089,,4,,4,,,,Reed & Leaf
Rufescent Prinia,Yes,PASSERIFORMES,Cisticolas and Allies,MY-KL-FRIM-Aug-067,2026-08-17,7441,FRIM,I-067,,2,,1,,Infrequent,,Reed & Leaf
Rufescent Prinia,Yes,PASSERIFORMES,Cisticolas and Allies,MY-TemanNegara-Aug-168,2026-08-10,7441,Mutiara,I-168,,2,,2,,Infrequent,,Reed & Leaf
Yellow-bellied Prinia,No,PASSERIFORMES,Cisticolas and Allies,SG-PalauUbin-Aug-039,2026-08-10,7447,S-PUbin,C-039,,4,,1,,,Yes,Reed & Leaf
Yellow-bellied Prinia,No,PASSERIFORMES,Cisticolas and Allies,SG-SungeiBuloh-Aug-060,2026-08-10,7447,S-SBuloh,C-060,,4,,2,,,Yes,Reed & Leaf
Yellow-bellied Prinia,No,PASSERIFORMES,Cisticolas and Allies,MY-SepilokRDC-Aug-098,2026-08-10,7447,Sepilok,C-098,,4,,3,,,Yes,Reed & Leaf
Yellow-bellied Prinia,No,PASSERIFORMES,Cisticolas and Allies,MY-TemanNegara-Aug-123,2026-08-10,7447,Mutiara,I-123,,4,,4,,,Yes,Reed & Leaf
Zitting Cisticola,No,PASSERIFORMES,Cisticolas and Allies,SG-SungeiBuloh-Aug-085,2026-08-10,7510,S-SBuloh,I-085,,2,,1,Sing only,Infrequent,Yes,Reed & Leaf
Zitting Cisticola,No,PASSERIFORMES,Cisticolas and Allies,SG-PalauUbin-Aug-092,2026-08-10,7510,S-PUbin,I-092,,2,,2,Sing only,Infrequent,Yes,Reed & Leaf
Pacific Swallow,No,PASSERIFORMES,Swallows,SG-SungeiBuloh-Aug-007,2026-08-10,7720,S-SBuloh,C-007,,5,,1,Widespread,,Yes,Swifts & Nightjars
Pacific Swallow,No,PASSERIFORMES,Swallows,MY-KL-FRIM-Aug-009,2026-08-17,7720,FRIM,C-009,,5,,2,Widespread,,Yes,Swifts & Nightjars
Pacific Swallow,No,PASSERIFORMES,Swallows,MY-TemanNegara-Aug-009,2026-08-10,7720,Mutiara,C-009,,5,,3,Widespread,,Yes,Swifts & Nightjars
Pacific Swallow,No,PASSERIFORMES,Swallows,SG-PalauUbin-Aug-010,2026-08-10,7720,S-PUbin,C-010,,5,,4,Widespread,,Yes,Swifts & Nightjars
Pacific Swallow,No,PASSERIFORMES,Swallows,MY-SepilokRDC-Aug-012,2026-08-10,7720,Sepilok,C-012,,5,,5,Widespread,,Yes,Swifts & Nightjars
Barn Swallow,No,PASSERIFORMES,Swallows,SG-PalauUbin-Aug-069,2026-08-10,7725,S-PUbin,I-069,,4,,1,,Infrequent,Yes,Swifts & Nightjars
Barn Swallow,No,PASSERIFORMES,Swallows,MY-KL-FRIM-Aug-070,2026-08-17,7725,FRIM,I-070,,4,,2,,Infrequent,Yes,Swifts & Nightjars
Barn Swallow,No,PASSERIFORMES,Swallows,SG-SungeiBuloh-Aug-083,2026-08-10,7725,S-SBuloh,I-083,,4,,3,,Infrequent,Yes,Swifts & Nightjars
Barn Swallow,No,PASSERIFORMES,Swallows,MY-SepilokRDC-Aug-151,2026-08-10,7725,Sepilok,I-151,,4,,4,,Infrequent,Yes,Swifts & Nightjars
Hairy-backed Bulbul,Yes,PASSERIFORMES,Bulbuls,MY-TemanNegara-Aug-018,2026-08-10,7815,Mutiara,C-018,,2,,1,,,,Bulbul & Star
Hairy-backed Bulbul,Yes,PASSERIFORMES,Bulbuls,MY-SepilokRDC-Aug-072,2026-08-10,7815,Sepilok,C-072,,2,,2,,,,Bulbul & Star
Yellow-bellied Bulbul,Yes,PASSERIFORMES,Bulbuls,MY-TemanNegara-Aug-025,2026-08-10,7817,Mutiara,C-025,,1,,1,Mutiara only,,,Bulbul & Star
Gray-cheeked Bulbul,Yes,PASSERIFORMES,Bulbuls,MY-TemanNegara-Aug-061,2026-08-10,7819,Mutiara,C-061,,2,,1,,,,Bulbul & Star
Gray-cheeked Bulbul,Yes,PASSERIFORMES,Bulbuls,MY-SepilokRDC-Aug-085,2026-08-10,7819,Sepilok,C-085,,2,,2,,,,Bulbul & Star
Ochraceous Bulbul,Yes,PASSERIFORMES,Bulbuls,MY-TemanNegara-Aug-074,2026-08-10,7823,Mutiara,C-074,,1,,1,Mutiara only,,,Bulbul & Star
Finsch's Bulbul,Yes,PASSERIFORMES,Bulbuls,MY-TemanNegara-Aug-157,2026-08-10,7826,Mutiara,I-157,,1,,1,Mutiara only,Infrequent,,Bulbul & Star
Buff-vented Bulbul,Yes,PASSERIFORMES,Bulbuls,MY-TemanNegara-Aug-065,2026-08-10,7829,Mutiara,C-065,,1,,1,Mutiara only,,,Bulbul & Star
Charlotte's Bulbul,Yes,PASSERIFORMES,Bulbuls,MY-SepilokRDC-Aug-058,2026-08-10,7830,Sepilok,C-058,,1,,1,Sepilok only,,,Bulbul & Star
Streaked Bulbul,Yes,PASSERIFORMES,Bulbuls,MY-TemanNegara-Aug-081,2026-08-10,7840,Mutiara,C-081,,2,,1,,,,Bulbul & Star
Streaked Bulbul,Yes,PASSERIFORMES,Bulbuls,MY-SepilokRDC-Aug-124,2026-08-10,7840,Sepilok,I-124,,2,,2,,,,Bulbul & Star
Black-headed Bulbul,Yes,PASSERIFORMES,Bulbuls,MY-TemanNegara-Aug-043,2026-08-10,7872,Mutiara,C-043,,1,,1,Mutiara only,,,Bulbul & Star
Spectacled Bulbul,Yes,PASSERIFORMES,Bulbuls,MY-TemanNegara-Aug-017,2026-08-10,7875,Mutiara,C-017,,3,,1,,,,Bulbul & Star
Spectacled Bulbul,Yes,PASSERIFORMES,Bulbuls,MY-SepilokRDC-Aug-033,2026-08-10,7875,Sepilok,C-033,,3,,2,,,,Bulbul & Star
Spectacled Bulbul,Yes,PASSERIFORMES,Bulbuls,MY-KL-FRIM-Aug-047,2026-08-17,7875,FRIM,C-047,,3,,3,,,,Bulbul & Star
Gray-bellied Bulbul,Yes,PASSERIFORMES,Bulbuls,MY-TemanNegara-Aug-135,2026-08-10,7876,Mutiara,I-135,,2,,1,,,,Bulbul & Star
Gray-bellied Bulbul,Yes,PASSERIFORMES,Bulbuls,MY-SepilokRDC-Aug-140,2026-08-10,7876,Sepilok,I-140,,2,,2,,,,Bulbul & Star
Scaly-breasted Bulbul,Yes,PASSERIFORMES,Bulbuls,MY-TemanNegara-Aug-177,2026-08-10,7877,Mutiara,I-177,,1,,1,Mutiara only,,,Bulbul & Star
Black-crested Bulbul,Yes,PASSERIFORMES,Bulbuls,MY-KL-FRIM-Aug-083,2026-08-17,7878,FRIM,I-083,,1,,1,FRIM only,,,Bulbul & Star
Cream-vented Bulbul,Yes,PASSERIFORMES,Bulbuls,MY-SepilokRDC-Aug-052,2026-08-10,7887,Sepilok,C-052,,3,,1,,,,Bulbul & Star
Cream-vented Bulbul,Yes,PASSERIFORMES,Bulbuls,MY-TemanNegara-Aug-066,2026-08-10,7887,Mutiara,C-066,,3,,2,,,,Bulbul & Star
Cream-vented Bulbul,Yes,PASSERIFORMES,Bulbuls,SG-SungeiBuloh-Aug-125,2026-08-10,7887,S-SBuloh,I-125,,3,,3,,,,Bulbul & Star
Olive-winged Bulbul,Yes,PASSERIFORMES,Bulbuls,MY-SepilokRDC-Aug-021,2026-08-10,7888,Sepilok,C-021,,5,,1,,,,Bulbul & Star
Olive-winged Bulbul,Yes,PASSERIFORMES,Bulbuls,SG-SungeiBuloh-Aug-027,2026-08-10,7888,S-SBuloh,C-027,,5,,2,,,,Bulbul & Star
Olive-winged Bulbul,Yes,PASSERIFORMES,Bulbuls,SG-PalauUbin-Aug-041,2026-08-10,7888,S-PUbin,C-041,,5,,3,,,,Bulbul & Star
Olive-winged Bulbul,Yes,PASSERIFORMES,Bulbuls,MY-KL-FRIM-Aug-080,2026-08-17,7888,FRIM,I-080,,5,,4,,,,Bulbul & Star
Olive-winged Bulbul,Yes,PASSERIFORMES,Bulbuls,MY-TemanNegara-Aug-151,2026-08-10,7888,Mutiara,I-151,,5,,5,,,,Bulbul & Star
Red-eyed Bulbul,Yes,PASSERIFORMES,Bulbuls,MY-SepilokRDC-Aug-003,2026-08-10,7889,Sepilok,C-003,,4,,1,,,,Bulbul & Star
Red-eyed Bulbul,Yes,PASSERIFORMES,Bulbuls,MY-TemanNegara-Aug-014,2026-08-10,7889,Mutiara,C-014,,4,,2,,,,Bulbul & Star
Red-eyed Bulbul,Yes,PASSERIFORMES,Bulbuls,MY-KL-FRIM-Aug-018,2026-08-17,7889,FRIM,C-018,,4,,3,,,,Bulbul & Star
Red-eyed Bulbul,Yes,PASSERIFORMES,Bulbuls,SG-SungeiBuloh-Aug-067,2026-08-10,7889,S-SBuloh,C-067,,4,,4,,,,Bulbul & Star
Straw-headed Bulbul,Yes,PASSERIFORMES,Bulbuls,SG-SungeiBuloh-Aug-040,2026-08-10,7890,S-SBuloh,C-040,,4,,1,,,,Bulbul & Star
Straw-headed Bulbul,Yes,PASSERIFORMES,Bulbuls,MY-KL-FRIM-Aug-046,2026-08-17,7890,FRIM,C-046,,4,,2,,,,Bulbul & Star
Straw-headed Bulbul,Yes,PASSERIFORMES,Bulbuls,SG-PalauUbin-Aug-052,2026-08-10,7890,S-PUbin,C-052,,4,,3,,,,Bulbul & Star
Straw-headed Bulbul,Yes,PASSERIFORMES,Bulbuls,MY-TemanNegara-Aug-141,2026-08-10,7890,Mutiara,I-141,,4,,4,,,,Bulbul & Star
Stripe-throated Bulbul,Yes,PASSERIFORMES,Bulbuls,MY-TemanNegara-Aug-005,2026-08-10,7897,Mutiara,C-005,,2,,1,,,,Bulbul & Star
Stripe-throated Bulbul,Yes,PASSERIFORMES,Bulbuls,MY-KL-FRIM-Aug-015,2026-08-17,7897,FRIM,C-015,,2,,2,,,,Bulbul & Star
Red-whiskered Bulbul,No,PASSERIFORMES,Bulbuls,SG-PalauUbin-Aug-066,2026-08-10,7908,S-PUbin,I-066,,3,,1,,Infrequent,Yes,Bulbul & Star
Red-whiskered Bulbul,No,PASSERIFORMES,Bulbuls,MY-KL-FRIM-Aug-098,2026-08-17,7908,FRIM,I-098,,3,,2,,Infrequent,Yes,Bulbul & Star
Red-whiskered Bulbul,No,PASSERIFORMES,Bulbuls,SG-SungeiBuloh-Aug-101,2026-08-10,7908,S-SBuloh,I-101,,3,,3,,Infrequent,Yes,Bulbul & Star
Yellow-vented Bulbul,Yes,PASSERIFORMES,Bulbuls,SG-PalauUbin-Aug-002,2026-08-10,7909,S-PUbin,C-002,,5,,1,Widespread,,,Bulbul & Star
Yellow-vented Bulbul,Yes,PASSERIFORMES,Bulbuls,SG-SungeiBuloh-Aug-002,2026-08-10,7909,S-SBuloh,C-002,,5,,2,Widespread,,,Bulbul & Star
Yellow-vented Bulbul,Yes,PASSERIFORMES,Bulbuls,MY-KL-FRIM-Aug-004,2026-08-17,7909,FRIM,C-004,,5,,3,Widespread,,,Bulbul & Star
Yellow-vented Bulbul,Yes,PASSERIFORMES,Bulbuls,MY-SepilokRDC-Aug-004,2026-08-10,7909,Sepilok,C-004,,5,,4,Widespread,,,Bulbul & Star
Yellow-vented Bulbul,Yes,PASSERIFORMES,Bulbuls,MY-TemanNegara-Aug-016,2026-08-10,7909,Mutiara,C-016,,5,,5,Widespread,,,Bulbul & Star
Sooty-headed Bulbul,Yes,PASSERIFORMES,Bulbuls,SG-PalauUbin-Aug-050,2026-08-10,7911,S-PUbin,C-050,,1,,1,Sing only,,,Bulbul & Star
Swinhoe's White-eye,No,PASSERIFORMES,"White-eyes, Yuhinas, and Allies",SG-PalauUbin-Aug-034,2026-08-10,8160,S-PUbin,C-034,,1,,1,Sing only,,Yes,Reed & Leaf
Pin-striped Tit-Babbler,Yes,PASSERIFORMES,"Tree-Babblers, Scimitar-Babblers, and Allies",SG-SungeiBuloh-Aug-014,2026-08-10,8271,S-SBuloh,C-014,New,4,,1,,,,Babblers
Pin-striped Tit-Babbler,Yes,PASSERIFORMES,"Tree-Babblers, Scimitar-Babblers, and Allies",MY-KL-FRIM-Aug-028,2026-08-17,8271,FRIM,C-028,New,4,,2,,,,Babblers
Pin-striped Tit-Babbler,Yes,PASSERIFORMES,"Tree-Babblers, Scimitar-Babblers, and Allies",MY-TemanNegara-Aug-032,2026-08-10,8271,Mutiara,C-032,New,4,,3,,,,Babblers
Pin-striped Tit-Babbler,Yes,PASSERIFORMES,"Tree-Babblers, Scimitar-Babblers, and Allies",SG-PalauUbin-Aug-091,2026-08-10,8271,S-PUbin,I-091,New,4,,4,,,,Babblers
Bold-striped Tit-Babbler,Yes,PASSERIFORMES,"Tree-Babblers, Scimitar-Babblers, and Allies",MY-SepilokRDC-Aug-128,2026-08-10,8272,Sepilok,I-128,New,1,,1,Sepilok only,Infrequent,,Babblers
Fluffy-backed Tit-Babbler,Yes,PASSERIFORMES,"Tree-Babblers, Scimitar-Babblers, and Allies",MY-SepilokRDC-Aug-122,2026-08-10,8273,Sepilok,I-122,New,2,,1,,Infrequent,,Babblers
Fluffy-backed Tit-Babbler,Yes,PASSERIFORMES,"Tree-Babblers, Scimitar-Babblers, and Allies",MY-TemanNegara-Aug-122,2026-08-10,8273,Mutiara,I-122,New,2,,2,,Infrequent,,Babblers
Chestnut-winged Babbler,Yes,PASSERIFORMES,"Tree-Babblers, Scimitar-Babblers, and Allies",MY-TemanNegara-Aug-003,2026-08-10,8276,Mutiara,C-003,New,1,,1,Mutiara only,,,Babblers
Gray-hooded Babbler,Yes,PASSERIFORMES,"Tree-Babblers, Scimitar-Babblers, and Allies",MY-SepilokRDC-Aug-044,2026-08-10,8277,Sepilok,C-044,New,1,,1,Sepilok only,,,Babblers
Sunda Scimitar-Babbler,Yes,PASSERIFORMES,"Tree-Babblers, Scimitar-Babblers, and Allies",MY-TemanNegara-Aug-077,2026-08-10,8301,Mutiara,C-077,New,1,,1,Mutiara only,,,Babblers
Black-throated Babbler,Yes,PASSERIFORMES,"Tree-Babblers, Scimitar-Babblers, and Allies",MY-TemanNegara-Aug-058,2026-08-10,8310,Mutiara,C-058,New,1,,1,Mutiara only,,,Babblers
Chestnut-rumped Babbler,Yes,PASSERIFORMES,"Tree-Babblers, Scimitar-Babblers, and Allies",MY-TemanNegara-Aug-046,2026-08-10,8312,Mutiara,C-046,New,1,,1,Mutiara only,,,Babblers
Large Wren-Babbler,Yes,PASSERIFORMES,Ground Babblers and Allies,MY-TemanNegara-Aug-044,2026-08-10,8325,Mutiara,C-044,New,1,,1,Mutiara only,,,Babblers
Sooty-capped Babbler,Yes,PASSERIFORMES,Ground Babblers and Allies,MY-TemanNegara-Aug-011,2026-08-10,8328,Mutiara,C-011,New,1,,1,Mutiara only,,,Babblers
Scaly-crowned Babbler,Yes,PASSERIFORMES,Ground Babblers and Allies,MY-TemanNegara-Aug-036,2026-08-10,8330,Mutiara,C-036,New,1,,1,Mutiara only,,,Babblers
Rufous-crowned Babbler,Yes,PASSERIFORMES,Ground Babblers and Allies,MY-TemanNegara-Aug-028,2026-08-10,8331,Mutiara,C-028,New,1,,1,Mutiara only,,,Babblers
Moustached Babbler,Yes,PASSERIFORMES,Ground Babblers and Allies,MY-TemanNegara-Aug-030,2026-08-10,8332,Mutiara,C-030,New,1,,1,Mutiara only,,,Babblers
Malayan Black-capped Babbler,Yes,PASSERIFORMES,Ground Babblers and Allies,MY-TemanNegara-Aug-057,2026-08-10,8346,Mutiara,C-057,New,1,,1,Mutiara only,,,Babblers
Bornean Black-capped Babbler,Yes,PASSERIFORMES,Ground Babblers and Allies,MY-SepilokRDC-Aug-067,2026-08-10,8347,Sepilok,C-067,New,1,,1,Sepilok only,,,Babblers
Short-tailed Babbler,Yes,PASSERIFORMES,Ground Babblers and Allies,MY-TemanNegara-Aug-097,2026-08-10,8349,Mutiara,I-097,New,3,,1,,Infrequent,,Babblers
Short-tailed Babbler,Yes,PASSERIFORMES,Ground Babblers and Allies,SG-SungeiBuloh-Aug-099,2026-08-10,8349,S-SBuloh,I-099,New,3,,2,,Infrequent,,Babblers
Short-tailed Babbler,Yes,PASSERIFORMES,Ground Babblers and Allies,MY-SepilokRDC-Aug-110,2026-08-10,8349,Sepilok,I-110,New,3,,3,,Infrequent,,Babblers
White-chested Babbler,Yes,PASSERIFORMES,Ground Babblers and Allies,MY-SepilokRDC-Aug-121,2026-08-10,8355,Sepilok,I-121,New,1,,1,Sepilok only,Infrequent,,Babblers
Ferruginous Babbler,Yes,PASSERIFORMES,Ground Babblers and Allies,MY-TemanNegara-Aug-132,2026-08-10,8356,Mutiara,I-132,New,2,,1,,Infrequent,,Babblers
Ferruginous Babbler,Yes,PASSERIFORMES,Ground Babblers and Allies,MY-SepilokRDC-Aug-154,2026-08-10,8356,Sepilok,I-154,New,2,,2,,Infrequent,,Babblers
Striped Wren-Babbler,Yes,PASSERIFORMES,Ground Babblers and Allies,MY-TemanNegara-Aug-149,2026-08-10,8369,Mutiara,I-149,New,1,,1,Mutiara only,Infrequent,,Babblers
Abbott's Babbler,Yes,PASSERIFORMES,Ground Babblers and Allies,MY-TemanNegara-Aug-021,2026-08-10,8370,Mutiara,C-021,New,3,,1,,,,Babblers
Abbott's Babbler,Yes,PASSERIFORMES,Ground Babblers and Allies,SG-PalauUbin-Aug-071,2026-08-10,8370,S-PUbin,I-071,New,3,,2,,,,Babblers
Abbott's Babbler,Yes,PASSERIFORMES,Ground Babblers and Allies,SG-SungeiBuloh-Aug-094,2026-08-10,8370,S-SBuloh,I-094,New,3,,3,,,,Babblers
Horsfield's Babbler,Yes,PASSERIFORMES,Ground Babblers and Allies,MY-TemanNegara-Aug-163,2026-08-10,8371,Mutiara,I-163,New,1,,1,Mutiara only,Infrequent,,Babblers
Brown Fulvetta,Yes,PASSERIFORMES,Laughingthrushes and Allies,MY-TemanNegara-Aug-144,2026-08-10,8390,Mutiara,I-144,,1,,1,Mutiara only,Infrequent,,Babblers
White-crested Laughingthrush,Yes,PASSERIFORMES,Laughingthrushes and Allies,SG-SungeiBuloh-Aug-065,2026-08-10,8493,S-SBuloh,C-065,,1,,1,Sing only,,,Babblers
Velvet-fronted Nuthatch,Yes,PASSERIFORMES,Nuthatches,MY-SepilokRDC-Aug-069,2026-08-10,8544,Sepilok,C-069,,1,,1,Sepilok only,,,Reed & Leaf
Asian Glossy Starling,No,PASSERIFORMES,Starlings,SG-SungeiBuloh-Aug-003,2026-08-10,8724,S-SBuloh,C-003,,5,,1,Widespread,,Yes,Bulbul & Star
Asian Glossy Starling,No,PASSERIFORMES,Starlings,MY-KL-FRIM-Aug-005,2026-08-17,8724,FRIM,C-005,,5,,2,Widespread,,Yes,Bulbul & Star
Asian Glossy Starling,No,PASSERIFORMES,Starlings,MY-SepilokRDC-Aug-005,2026-08-10,8724,Sepilok,C-005,,5,,3,Widespread,,Yes,Bulbul & Star
Asian Glossy Starling,No,PASSERIFORMES,Starlings,SG-PalauUbin-Aug-008,2026-08-10,8724,S-PUbin,C-008,,5,,4,Widespread,,Yes,Bulbul & Star
Asian Glossy Starling,No,PASSERIFORMES,Starlings,MY-TemanNegara-Aug-050,2026-08-10,8724,Mutiara,C-050,,5,,5,Widespread,,Yes,Bulbul & Star
Common Hill Myna,Yes,PASSERIFORMES,Starlings,MY-SepilokRDC-Aug-038,2026-08-10,8747,Sepilok,C-038,,4,,1,,,,Bulbul & Star
Common Hill Myna,Yes,PASSERIFORMES,Starlings,MY-TemanNegara-Aug-041,2026-08-10,8747,Mutiara,C-041,,4,,2,,,,Bulbul & Star
Common Hill Myna,Yes,PASSERIFORMES,Starlings,SG-SungeiBuloh-Aug-044,2026-08-10,8747,S-SBuloh,C-044,,4,,3,,,,Bulbul & Star
Common Hill Myna,Yes,PASSERIFORMES,Starlings,MY-KL-FRIM-Aug-058,2026-08-17,8747,FRIM,I-058,,4,,4,,,,Bulbul & Star
Common Myna,No,PASSERIFORMES,Starlings,MY-KL-FRIM-Aug-014,2026-08-17,8771,FRIM,C-014,,3,,1,,,Yes,Bulbul & Star
Common Myna,No,PASSERIFORMES,Starlings,SG-PalauUbin-Aug-024,2026-08-10,8771,S-PUbin,C-024,,3,,2,,,Yes,Bulbul & Star
Common Myna,No,PASSERIFORMES,Starlings,SG-SungeiBuloh-Aug-074,2026-08-10,8771,S-SBuloh,C-074,,3,,3,,,Yes,Bulbul & Star
Javan Myna,No,PASSERIFORMES,Starlings,SG-PalauUbin-Aug-001,2026-08-10,8777,S-PUbin,C-001,,5,,1,Widespread,,Yes,Bulbul & Star
Javan Myna,No,PASSERIFORMES,Starlings,SG-SungeiBuloh-Aug-001,2026-08-10,8777,S-SBuloh,C-001,,5,,2,Widespread,,Yes,Bulbul & Star
Javan Myna,No,PASSERIFORMES,Starlings,MY-KL-FRIM-Aug-006,2026-08-17,8777,FRIM,C-006,,5,,3,Widespread,,Yes,Bulbul & Star
Javan Myna,No,PASSERIFORMES,Starlings,MY-SepilokRDC-Aug-020,2026-08-10,8777,Sepilok,C-020,,5,,4,Widespread,,Yes,Bulbul & Star
Javan Myna,No,PASSERIFORMES,Starlings,MY-TemanNegara-Aug-079,2026-08-10,8777,Mutiara,C-079,,5,,5,Widespread,,Yes,Bulbul & Star
Crested Myna,No,PASSERIFORMES,Starlings,MY-SepilokRDC-Aug-147,2026-08-10,8781,Sepilok,I-147,,1,,1,Sepilok only,Infrequent,Yes,Bulbul & Star
Brown-streaked Flycatcher,Yes,PASSERIFORMES,Old World Flycatchers,SG-SungeiBuloh-Aug-095,2026-08-10,9066,S-SBuloh,I-095,,3,,1,,Infrequent,,Stately Perchers
Brown-streaked Flycatcher,Yes,PASSERIFORMES,Old World Flycatchers,SG-PalauUbin-Aug-102,2026-08-10,9066,S-PUbin,I-102,,3,,2,,Infrequent,,Stately Perchers
Brown-streaked Flycatcher,Yes,PASSERIFORMES,Old World Flycatchers,MY-SepilokRDC-Aug-133,2026-08-10,9066,Sepilok,I-133,,3,,3,,Infrequent,,Stately Perchers
Oriental Magpie-Robin,No,PASSERIFORMES,Old World Flycatchers,MY-KL-FRIM-Aug-001,2026-08-17,9114,FRIM,C-001,,5,,1,Widespread,,Yes,Stately Perchers
Oriental Magpie-Robin,No,PASSERIFORMES,Old World Flycatchers,MY-TemanNegara-Aug-001,2026-08-10,9114,Mutiara,C-001,,5,,2,Widespread,,Yes,Stately Perchers
Oriental Magpie-Robin,No,PASSERIFORMES,Old World Flycatchers,SG-PalauUbin-Aug-011,2026-08-10,9114,S-PUbin,C-011,,5,,3,Widespread,,Yes,Stately Perchers
Oriental Magpie-Robin,No,PASSERIFORMES,Old World Flycatchers,SG-SungeiBuloh-Aug-023,2026-08-10,9114,S-SBuloh,C-023,,5,,4,Widespread,,Yes,Stately Perchers
Oriental Magpie-Robin,No,PASSERIFORMES,Old World Flycatchers,MY-SepilokRDC-Aug-046,2026-08-10,9114,Sepilok,C-046,,5,,5,Widespread,,Yes,Stately Perchers
White-rumped Shama,No,PASSERIFORMES,Old World Flycatchers,MY-TemanNegara-Aug-004,2026-08-10,9119,Mutiara,C-004,,4,,1,,,Yes,Stately Perchers
White-rumped Shama,No,PASSERIFORMES,Old World Flycatchers,SG-PalauUbin-Aug-049,2026-08-10,9119,S-PUbin,C-049,,4,,2,,,Yes,Stately Perchers
White-rumped Shama,No,PASSERIFORMES,Old World Flycatchers,MY-KL-FRIM-Aug-057,2026-08-17,9119,FRIM,I-057,,4,,3,,,Yes,Stately Perchers
White-rumped Shama,No,PASSERIFORMES,Old World Flycatchers,SG-SungeiBuloh-Aug-108,2026-08-10,9119,S-SBuloh,I-108,,4,,4,,,Yes,Stately Perchers
White-crowned Shama,Yes,PASSERIFORMES,Old World Flycatchers,MY-SepilokRDC-Aug-047,2026-08-10,9121,Sepilok,C-047,,1,,1,Sepilok only,,,Stately Perchers
Verditer Flycatcher,Yes,PASSERIFORMES,Old World Flycatchers,MY-SepilokRDC-Aug-091,2026-08-10,9150,Sepilok,C-091,,1,,1,Sepilok only,,,Stately Perchers
Pale Blue Flycatcher,Yes,PASSERIFORMES,Old World Flycatchers,MY-TemanNegara-Aug-175,2026-08-10,9161,Mutiara,I-175,,1,,1,Mutiara only,Infrequent,,Stately Perchers
Indochinese Blue Flycatcher,Yes,PASSERIFORMES,Old World Flycatchers,MY-TemanNegara-Aug-156,2026-08-10,9174,Mutiara,I-156,,1,,1,Mutiara only,Infrequent,,Stately Perchers
White-crowned Forktail,Yes,PASSERIFORMES,Old World Flycatchers,MY-TemanNegara-Aug-104,2026-08-10,9266,Mutiara,I-104,,1,,1,Mutiara only,Infrequent,,Stately Perchers
Chestnut-naped Forktail,Yes,PASSERIFORMES,Old World Flycatchers,MY-TemanNegara-Aug-107,2026-08-10,9270,Mutiara,I-107,,1,,1,Mutiara only,Infrequent,,Stately Perchers
Rufous-chested Flycatcher,Yes,PASSERIFORMES,Old World Flycatchers,MY-TemanNegara-Aug-117,2026-08-10,9313,Mutiara,I-117,,1,,1,Mutiara only,Infrequent,,Stately Perchers
Yellow-breasted Flowerpecker,Yes,PASSERIFORMES,Flowerpeckers,MY-TemanNegara-Aug-054,2026-08-10,9431,Mutiara,C-054,,2,,1,,,,Flower & Spider
Yellow-breasted Flowerpecker,Yes,PASSERIFORMES,Flowerpeckers,MY-SepilokRDC-Aug-136,2026-08-10,9431,Sepilok,I-136,,2,,2,,,,Flower & Spider
Crimson-breasted Flowerpecker,Yes,PASSERIFORMES,Flowerpeckers,MY-TemanNegara-Aug-094,2026-08-10,9432,Mutiara,I-094,,1,,1,Mutiara only,Infrequent,,Flower & Spider
Yellow-rumped Flowerpecker,Yes,PASSERIFORMES,Flowerpeckers,MY-SepilokRDC-Aug-063,2026-08-10,9434,Sepilok,C-063,,1,,1,Sepilok only,,,Flower & Spider
Yellow-vented Flowerpecker,Yes,PASSERIFORMES,Flowerpeckers,MY-SepilokRDC-Aug-141,2026-08-10,9440,Sepilok,I-141,,2,,1,,Infrequent,,Flower & Spider
Yellow-vented Flowerpecker,Yes,PASSERIFORMES,Flowerpeckers,MY-TemanNegara-Aug-145,2026-08-10,9440,Mutiara,I-145,,2,,2,,Infrequent,,Flower & Spider
Orange-bellied Flowerpecker,Yes,PASSERIFORMES,Flowerpeckers,MY-SepilokRDC-Aug-019,2026-08-10,9454,Sepilok,C-019,,3,,1,,,,Flower & Spider
Orange-bellied Flowerpecker,Yes,PASSERIFORMES,Flowerpeckers,SG-SungeiBuloh-Aug-057,2026-08-10,9454,S-SBuloh,C-057,,3,,2,,,,Flower & Spider
Orange-bellied Flowerpecker,Yes,PASSERIFORMES,Flowerpeckers,MY-KL-FRIM-Aug-062,2026-08-17,9454,FRIM,I-062,,3,,3,,,,Flower & Spider
Plain Flowerpecker,Yes,PASSERIFORMES,Flowerpeckers,MY-SepilokRDC-Aug-109,2026-08-10,9458,Sepilok,C-109,,3,,1,,,,Flower & Spider
Plain Flowerpecker,Yes,PASSERIFORMES,Flowerpeckers,MY-KL-FRIM-Aug-099,2026-08-17,9458,FRIM,I-099,,3,,2,,,,Flower & Spider
Plain Flowerpecker,Yes,PASSERIFORMES,Flowerpeckers,MY-TemanNegara-Aug-169,2026-08-10,9458,Mutiara,I-169,,3,,3,,,,Flower & Spider
Scarlet-backed Flowerpecker,Yes,PASSERIFORMES,Flowerpeckers,SG-SungeiBuloh-Aug-028,2026-08-10,9485,S-SBuloh,C-028,,4,"Male black and white below, scarlet from crown to rump on top. Female plain brown, but distinct bright red rump.",1,,,,Flower & Spider
Scarlet-backed Flowerpecker,Yes,PASSERIFORMES,Flowerpeckers,MY-KL-FRIM-Aug-035,2026-08-17,9485,FRIM,C-035,,4,,2,,,,Flower & Spider
Scarlet-backed Flowerpecker,Yes,PASSERIFORMES,Flowerpeckers,SG-PalauUbin-Aug-035,2026-08-10,9485,S-PUbin,C-035,,4,,3,,,,Flower & Spider
Scarlet-backed Flowerpecker,Yes,PASSERIFORMES,Flowerpeckers,MY-SepilokRDC-Aug-089,2026-08-10,9485,Sepilok,C-089,,4,,4,,,,Flower & Spider
Ruby-cheeked Sunbird,Yes,PASSERIFORMES,Sunbirds and Spiderhunters,MY-SepilokRDC-Aug-027,2026-08-10,9487,Sepilok,C-027,,3,,1,,,,Flower & Spider
Ruby-cheeked Sunbird,Yes,PASSERIFORMES,Sunbirds and Spiderhunters,MY-KL-FRIM-Aug-074,2026-08-17,9487,FRIM,I-074,,3,,2,,,,Flower & Spider
Ruby-cheeked Sunbird,Yes,PASSERIFORMES,Sunbirds and Spiderhunters,MY-TemanNegara-Aug-127,2026-08-10,9487,Mutiara,I-127,,3,,3,,,,Flower & Spider
Plain Sunbird,Yes,PASSERIFORMES,Sunbirds and Spiderhunters,MY-SepilokRDC-Aug-062,2026-08-10,9492,Sepilok,C-062,,2,,1,,,,Flower & Spider
Plain Sunbird,Yes,PASSERIFORMES,Sunbirds and Spiderhunters,MY-TemanNegara-Aug-143,2026-08-10,9492,Mutiara,I-143,,2,,2,,,,Flower & Spider
Brown-throated Sunbird,Yes,PASSERIFORMES,Sunbirds and Spiderhunters,MY-SepilokRDC-Aug-007,2026-08-10,9493,Sepilok,C-007,,5,,1,Widespread,,,Flower & Spider
Brown-throated Sunbird,Yes,PASSERIFORMES,Sunbirds and Spiderhunters,SG-SungeiBuloh-Aug-015,2026-08-10,9493,S-SBuloh,C-015,,5,,2,Widespread,,,Flower & Spider
Brown-throated Sunbird,Yes,PASSERIFORMES,Sunbirds and Spiderhunters,SG-PalauUbin-Aug-020,2026-08-10,9493,S-PUbin,C-020,,5,,3,Widespread,,,Flower & Spider
Brown-throated Sunbird,Yes,PASSERIFORMES,Sunbirds and Spiderhunters,MY-KL-FRIM-Aug-034,2026-08-17,9493,FRIM,C-034,,5,,4,Widespread,,,Flower & Spider
Brown-throated Sunbird,Yes,PASSERIFORMES,Sunbirds and Spiderhunters,MY-TemanNegara-Aug-092,2026-08-10,9493,Mutiara,I-092,,5,,5,Widespread,,,Flower & Spider
Red-throated Sunbird,Yes,PASSERIFORMES,Sunbirds and Spiderhunters,MY-SepilokRDC-Aug-075,2026-08-10,9495,Sepilok,C-075,,1,,1,Sepilok only,,,Flower & Spider
Van Hasselt's Sunbird,Yes,PASSERIFORMES,Sunbirds and Spiderhunters,MY-SepilokRDC-Aug-100,2026-08-10,9530,Sepilok,C-100,,1,,1,Sepilok only,,,Flower & Spider
Copper-throated Sunbird,Yes,PASSERIFORMES,Sunbirds and Spiderhunters,SG-SungeiBuloh-Aug-063,2026-08-10,9533,S-SBuloh,C-063,,3,,1,,,,Flower & Spider
Copper-throated Sunbird,Yes,PASSERIFORMES,Sunbirds and Spiderhunters,MY-SepilokRDC-Aug-088,2026-08-10,9533,Sepilok,C-088,,3,,2,,,,Flower & Spider
Copper-throated Sunbird,Yes,PASSERIFORMES,Sunbirds and Spiderhunters,SG-PalauUbin-Aug-078,2026-08-10,9533,S-PUbin,I-078,,3,,3,,,,Flower & Spider
Ornate Sunbird,Yes,PASSERIFORMES,Sunbirds and Spiderhunters,SG-SungeiBuloh-Aug-008,2026-08-10,9586,S-SBuloh,C-008,,4,"Olive back, yellow belly, white tail edges in flight. Female similar to Brown-throated, which has thicker bill and lacks white patches.",1,,,,Flower & Spider
Ornate Sunbird,Yes,PASSERIFORMES,Sunbirds and Spiderhunters,SG-PalauUbin-Aug-009,2026-08-10,9586,S-PUbin,C-009,,4,,2,,,,Flower & Spider
Ornate Sunbird,Yes,PASSERIFORMES,Sunbirds and Spiderhunters,MY-SepilokRDC-Aug-039,2026-08-10,9586,Sepilok,C-039,,4,,3,,,,Flower & Spider
Ornate Sunbird,Yes,PASSERIFORMES,Sunbirds and Spiderhunters,MY-KL-FRIM-Aug-051,2026-08-17,9586,FRIM,C-051,,4,,4,,,,Flower & Spider
Crimson Sunbird,Yes,PASSERIFORMES,Sunbirds and Spiderhunters,MY-SepilokRDC-Aug-009,2026-08-10,9612,Sepilok,C-009,,3,,1,,,,Flower & Spider
Crimson Sunbird,Yes,PASSERIFORMES,Sunbirds and Spiderhunters,SG-SungeiBuloh-Aug-030,2026-08-10,9612,S-SBuloh,C-030,,3,,2,,,,Flower & Spider
Crimson Sunbird,Yes,PASSERIFORMES,Sunbirds and Spiderhunters,SG-PalauUbin-Aug-060,2026-08-10,9612,S-PUbin,C-060,,3,,3,,,,Flower & Spider
Purple-naped Spiderhunter,Yes,PASSERIFORMES,Sunbirds and Spiderhunters,MY-TemanNegara-Aug-026,2026-08-10,9624,Mutiara,C-026,,2,,1,,,,Flower & Spider
Purple-naped Spiderhunter,Yes,PASSERIFORMES,Sunbirds and Spiderhunters,MY-SepilokRDC-Aug-050,2026-08-10,9624,Sepilok,C-050,,2,,2,,,,Flower & Spider
Thick-billed Spiderhunter,Yes,PASSERIFORMES,Sunbirds and Spiderhunters,MY-SepilokRDC-Aug-092,2026-08-10,9625,Sepilok,C-092,,2,,1,,,,Flower & Spider
Thick-billed Spiderhunter,Yes,PASSERIFORMES,Sunbirds and Spiderhunters,MY-TemanNegara-Aug-179,2026-08-10,9625,Mutiara,I-179,,2,,2,,,,Flower & Spider
Long-billed Spiderhunter,Yes,PASSERIFORMES,Sunbirds and Spiderhunters,MY-SepilokRDC-Aug-078,2026-08-10,9626,Sepilok,C-078,,2,,1,,,,Flower & Spider
Long-billed Spiderhunter,Yes,PASSERIFORMES,Sunbirds and Spiderhunters,MY-TemanNegara-Aug-146,2026-08-10,9626,Mutiara,I-146,,2,,2,,,,Flower & Spider
Little Spiderhunter,Yes,PASSERIFORMES,Sunbirds and Spiderhunters,MY-SepilokRDC-Aug-023,2026-08-10,9629,Sepilok,C-023,,4,,1,,,,Flower & Spider
Little Spiderhunter,Yes,PASSERIFORMES,Sunbirds and Spiderhunters,SG-SungeiBuloh-Aug-071,2026-08-10,9629,S-SBuloh,C-071,,4,,2,,,,Flower & Spider
Little Spiderhunter,Yes,PASSERIFORMES,Sunbirds and Spiderhunters,MY-KL-FRIM-Aug-079,2026-08-17,9629,FRIM,I-079,,4,,3,,,,Flower & Spider
Little Spiderhunter,Yes,PASSERIFORMES,Sunbirds and Spiderhunters,MY-TemanNegara-Aug-113,2026-08-10,9629,Mutiara,I-113,,4,,4,,,,Flower & Spider
Yellow-eared Spiderhunter,Yes,PASSERIFORMES,Sunbirds and Spiderhunters,MY-SepilokRDC-Aug-114,2026-08-10,9632,Sepilok,I-114,,2,,1,,,,Flower & Spider
Yellow-eared Spiderhunter,Yes,PASSERIFORMES,Sunbirds and Spiderhunters,MY-TemanNegara-Aug-147,2026-08-10,9632,Mutiara,I-147,,2,,2,,,,Flower & Spider
Spectacled Spiderhunter,Yes,PASSERIFORMES,Sunbirds and Spiderhunters,MY-KL-FRIM-Aug-043,2026-08-17,9633,FRIM,C-043,,3,,1,,,,Flower & Spider
Spectacled Spiderhunter,Yes,PASSERIFORMES,Sunbirds and Spiderhunters,MY-SepilokRDC-Aug-111,2026-08-10,9633,Sepilok,I-111,,3,,2,,,,Flower & Spider
Spectacled Spiderhunter,Yes,PASSERIFORMES,Sunbirds and Spiderhunters,MY-TemanNegara-Aug-139,2026-08-10,9633,Mutiara,I-139,,3,,3,,,,Flower & Spider
Gray-breasted Spiderhunter,Yes,PASSERIFORMES,Sunbirds and Spiderhunters,MY-TemanNegara-Aug-071,2026-08-10,9636,Mutiara,C-071,,2,,1,,,,Flower & Spider
Gray-breasted Spiderhunter,Yes,PASSERIFORMES,Sunbirds and Spiderhunters,MY-KL-FRIM-Aug-075,2026-08-17,9636,FRIM,I-075,,2,,2,,,,Flower & Spider
Asian Fairy-bluebird,Yes,PASSERIFORMES,Fairy-bluebirds,MY-TemanNegara-Aug-013,2026-08-10,9638,Mutiara,C-013,New,3,,1,,,,Stately Perchers
Asian Fairy-bluebird,Yes,PASSERIFORMES,Fairy-bluebirds,SG-SungeiBuloh-Aug-073,2026-08-10,9638,S-SBuloh,C-073,New,3,,2,,,,Stately Perchers
Asian Fairy-bluebird,Yes,PASSERIFORMES,Fairy-bluebirds,MY-SepilokRDC-Aug-145,2026-08-10,9638,Sepilok,I-145,New,3,,3,,,,Stately Perchers
Greater Green Leafbird,Yes,PASSERIFORMES,Leafbirds,MY-SepilokRDC-Aug-073,2026-08-10,9643,Sepilok,C-073,New,3,"Very similar to Lesser. Larger. Male has more extensive black mask, no yellow on forehead. Female has yellow (not green) throat.",1,,,,Reed & Leaf
Greater Green Leafbird,Yes,PASSERIFORMES,Leafbirds,MY-KL-FRIM-Aug-087,2026-08-17,9643,FRIM,I-087,New,3,,2,,,,Reed & Leaf
Greater Green Leafbird,Yes,PASSERIFORMES,Leafbirds,MY-TemanNegara-Aug-100,2026-08-10,9643,Mutiara,I-100,New,3,,3,,,,Reed & Leaf
Lesser Green Leafbird,Yes,PASSERIFORMES,Leafbirds,MY-SepilokRDC-Aug-025,2026-08-10,9644,Sepilok,C-025,New,3,"Very similar to Greater. Male has smaller black mask, traces of yellow on forehead. No blue on wings.",1,,,,Reed & Leaf
Lesser Green Leafbird,Yes,PASSERIFORMES,Leafbirds,MY-KL-FRIM-Aug-055,2026-08-17,9644,FRIM,C-055,New,3,,2,,,,Reed & Leaf
Lesser Green Leafbird,Yes,PASSERIFORMES,Leafbirds,MY-TemanNegara-Aug-060,2026-08-10,9644,Mutiara,C-060,New,3,,3,,,,Reed & Leaf
Blue-winged Leafbird,Yes,PASSERIFORMES,Leafbirds,MY-TemanNegara-Aug-031,2026-08-10,9645,Mutiara,C-031,New,3,Vivid blue highlights on wings (unlike other leafbirds). Male has yellow-tinged head; female green headed with blue smudge on throat.,1,,,,Reed & Leaf
Blue-winged Leafbird,Yes,PASSERIFORMES,Leafbirds,MY-KL-FRIM-Aug-069,2026-08-17,9645,FRIM,I-069,New,3,,2,,,,Reed & Leaf
Blue-winged Leafbird,Yes,PASSERIFORMES,Leafbirds,SG-SungeiBuloh-Aug-112,2026-08-10,9645,S-SBuloh,I-112,New,3,,3,,,,Reed & Leaf
Golden-backed Weaver,Yes,PASSERIFORMES,Weavers and Allies,SG-PalauUbin-Aug-058,2026-08-10,9725,S-PUbin,C-058,,2,,1,Sing only,,,Reed & Leaf
Golden-backed Weaver,Yes,PASSERIFORMES,Weavers and Allies,SG-SungeiBuloh-Aug-100,2026-08-10,9725,S-SBuloh,I-100,,2,,2,Sing only,,,Reed & Leaf
Baya Weaver,Yes,PASSERIFORMES,Weavers and Allies,SG-PalauUbin-Aug-047,2026-08-10,9742,S-PUbin,C-047,,4,,1,,,,Reed & Leaf
Baya Weaver,Yes,PASSERIFORMES,Weavers and Allies,MY-KL-FRIM-Aug-048,2026-08-17,9742,FRIM,C-048,,4,,2,,,,Reed & Leaf
Baya Weaver,Yes,PASSERIFORMES,Weavers and Allies,MY-SepilokRDC-Aug-103,2026-08-10,9742,Sepilok,C-103,,4,,3,,,,Reed & Leaf
Baya Weaver,Yes,PASSERIFORMES,Weavers and Allies,SG-SungeiBuloh-Aug-121,2026-08-10,9742,S-SBuloh,I-121,,4,,4,,,,Reed & Leaf
Asian Golden Weaver,Yes,PASSERIFORMES,Weavers and Allies,SG-PalauUbin-Aug-099,2026-08-10,9743,S-PUbin,I-099,,1,,1,Sing only,Infrequent,,Reed & Leaf
Scaly-breasted Munia,No,PASSERIFORMES,Waxbills and Allies,SG-PalauUbin-Aug-036,2026-08-10,9804,S-PUbin,C-036,,5,,1,Widespread,,Yes,Reed & Leaf
Scaly-breasted Munia,No,PASSERIFORMES,Waxbills and Allies,SG-SungeiBuloh-Aug-069,2026-08-10,9804,S-SBuloh,C-069,,5,,2,Widespread,,Yes,Reed & Leaf
Scaly-breasted Munia,No,PASSERIFORMES,Waxbills and Allies,MY-SepilokRDC-Aug-107,2026-08-10,9804,Sepilok,C-107,,5,,3,Widespread,,Yes,Reed & Leaf
Scaly-breasted Munia,No,PASSERIFORMES,Waxbills and Allies,MY-KL-FRIM-Aug-086,2026-08-17,9804,FRIM,I-086,,5,,4,Widespread,,Yes,Reed & Leaf
Scaly-breasted Munia,No,PASSERIFORMES,Waxbills and Allies,MY-TemanNegara-Aug-095,2026-08-10,9804,Mutiara,I-095,,5,,5,Widespread,,Yes,Reed & Leaf
White-rumped Munia,Yes,PASSERIFORMES,Waxbills and Allies,MY-KL-FRIM-Aug-081,2026-08-17,9807,FRIM,I-081,,1,,1,FRIM only,,,Reed & Leaf
Dusky Munia,Yes,PASSERIFORMES,Waxbills and Allies,MY-SepilokRDC-Aug-042,2026-08-10,9808,Sepilok,C-042,,1,,1,Sepilok only,,,Reed & Leaf
White-bellied Munia,Yes,PASSERIFORMES,Waxbills and Allies,MY-TemanNegara-Aug-164,2026-08-10,9809,Mutiara,I-164,,1,,1,Mutiara only,Infrequent,,Reed & Leaf
Javan Munia,Yes,PASSERIFORMES,Waxbills and Allies,SG-SungeiBuloh-Aug-097,2026-08-10,9810,S-SBuloh,I-097,,1,,1,Sing only,Infrequent,,Reed & Leaf
Chestnut Munia,No,PASSERIFORMES,Waxbills and Allies,MY-SepilokRDC-Aug-032,2026-08-10,9812,Sepilok,C-032,,4,,1,,,Yes,Reed & Leaf
Chestnut Munia,No,PASSERIFORMES,Waxbills and Allies,SG-PalauUbin-Aug-082,2026-08-10,9812,S-PUbin,I-082,,4,,2,,,Yes,Reed & Leaf
Chestnut Munia,No,PASSERIFORMES,Waxbills and Allies,MY-KL-FRIM-Aug-100,2026-08-17,9812,FRIM,I-100,,4,,3,,,Yes,Reed & Leaf
Chestnut Munia,No,PASSERIFORMES,Waxbills and Allies,SG-SungeiBuloh-Aug-120,2026-08-10,9812,S-SBuloh,I-120,,4,,4,,,Yes,Reed & Leaf
White-headed Munia,Yes,PASSERIFORMES,Waxbills and Allies,SG-PalauUbin-Aug-088,2026-08-10,9814,S-PUbin,I-088,,2,,1,Sing only,Infrequent,,Reed & Leaf
White-headed Munia,Yes,PASSERIFORMES,Waxbills and Allies,SG-SungeiBuloh-Aug-110,2026-08-10,9814,S-SBuloh,I-110,,2,,2,Sing only,Infrequent,,Reed & Leaf
Common Waxbill,No,PASSERIFORMES,Waxbills and Allies,SG-PalauUbin-Aug-062,2026-08-10,9873,S-PUbin,C-062,,2,,1,Sing only,,Yes,Reed & Leaf
Common Waxbill,No,PASSERIFORMES,Waxbills and Allies,SG-SungeiBuloh-Aug-109,2026-08-10,9873,S-SBuloh,I-109,,2,,2,Sing only,,Yes,Reed & Leaf
Crimson-rumped Waxbill,Yes,PASSERIFORMES,Waxbills and Allies,SG-PalauUbin-Aug-086,2026-08-10,9876,S-PUbin,I-086,,1,,1,Sing only,Infrequent,,Reed & Leaf
Eurasian Tree Sparrow,No,PASSERIFORMES,Old World Sparrows,MY-KL-FRIM-Aug-013,2026-08-17,9973,FRIM,C-013,,5,,1,Widespread,,Yes,Reed & Leaf
Eurasian Tree Sparrow,No,PASSERIFORMES,Old World Sparrows,MY-SepilokRDC-Aug-022,2026-08-10,9973,Sepilok,C-022,,5,,2,Widespread,,Yes,Reed & Leaf
Eurasian Tree Sparrow,No,PASSERIFORMES,Old World Sparrows,SG-PalauUbin-Aug-032,2026-08-10,9973,S-PUbin,C-032,,5,,3,Widespread,,Yes,Reed & Leaf
Eurasian Tree Sparrow,No,PASSERIFORMES,Old World Sparrows,MY-TemanNegara-Aug-039,2026-08-10,9973,Mutiara,C-039,,5,,4,Widespread,,Yes,Reed & Leaf
Eurasian Tree Sparrow,No,PASSERIFORMES,Old World Sparrows,SG-SungeiBuloh-Aug-052,2026-08-10,9973,S-SBuloh,C-052,,5,,5,Widespread,,Yes,Reed & Leaf
Forest Wagtail,Yes,PASSERIFORMES,Wagtails and Pipits,MY-KL-FRIM-Aug-095,2026-08-17,9991,FRIM,I-095,,1,,1,FRIM only,Infrequent,,Reed & Leaf
Gray Wagtail,No,PASSERIFORMES,Wagtails and Pipits,MY-KL-FRIM-Aug-088,2026-08-17,9996,FRIM,I-088,,2,,1,,Infrequent,Yes,Reed & Leaf
Gray Wagtail,No,PASSERIFORMES,Wagtails and Pipits,MY-TemanNegara-Aug-119,2026-08-10,9996,Mutiara,I-119,,2,,2,,Infrequent,Yes,Reed & Leaf
Paddyfield Pipit,Yes,PASSERIFORMES,Wagtails and Pipits,SG-PalauUbin-Aug-042,2026-08-10,10008,S-PUbin,C-042,,3,,1,,,,Reed & Leaf
Paddyfield Pipit,Yes,PASSERIFORMES,Wagtails and Pipits,MY-KL-FRIM-Aug-045,2026-08-17,10008,FRIM,C-045,,3,,2,,,,Reed & Leaf
Paddyfield Pipit,Yes,PASSERIFORMES,Wagtails and Pipits,SG-SungeiBuloh-Aug-079,2026-08-10,10008,S-SBuloh,C-079,,3,,3,,,,Reed & Leaf