Category,Name,Scientific name,Observed,Site,Obs Count
Lizards,Common Water Monitor,Varanus salvator,No,Sepilok,40
Lizards,Common Water Monitor,Varanus salvator,No,S-PUbin,30
Lizards,Common Water Monitor,Varanus salvator,No,S-SBuloh,500
Lizards,Common Water Monitor,Varanus salvator,No,S-MalRes,89
Lizards,Common Water Monitor,Varanus salvator,No,Mutiara,5
Lizards,Common Water Monitor,Varanus salvator,No,Perdana,25
Dragonflies,Common Parasol,Neurothemis fluctuans,No,Sepilok,35
Dragonflies,Common Parasol,Neurothemis fluctuans,No,S-PUbin,16
Dragonflies,Common Parasol,Neurothemis fluctuans,No,S-SBuloh,90
Dragonflies,Common Parasol,Neurothemis fluctuans,No,S-MalRes,421
Dragonflies,Common Parasol,Neurothemis fluctuans,No,Mutiara,4
Dragonflies,Common Parasol,Neurothemis fluctuans,No,Perdana,39
Mammals,Plantain Squirrel,Callosciurus notatus,No,Sepilok,25
Mammals,Plantain Squirrel,Callosciurus notatus,No,S-SBuloh,155
Mammals,Plantain Squirrel,Callosciurus notatus,No,S-MalRes,105
Mammals,Plantain Squirrel,Callosciurus notatus,No,Mutiara,11
Mammals,Plantain Squirrel,Callosciurus notatus,No,Perdana,31
Lizards,Clouded Monitor,Varanus nebulosus,No,S-PUbin,21
Lizards,Clouded Monitor,Varanus nebulosus,No,S-SBuloh,6
Lizards,Clouded Monitor,Varanus nebulosus,No,S-MalRes,167
Lizards,Clouded Monitor,Varanus nebulosus,No,Mutiara,54
Lizards,Clouded Monitor,Varanus nebulosus,No,Perdana,38
Mammals,Lesser Short-nosed Fruit Bat,Cynopterus brachyotis,No,Sepilok,8
Mammals,Lesser Short-nosed Fruit Bat,Cynopterus brachyotis,No,S-SBuloh,242
Lizards,Common Sun Skink,Eutropis multifasciata,No,Sepilok,11
Lizards,Common Sun Skink,Eutropis multifasciata,No,S-PUbin,4
Lizards,Common Sun Skink,Eutropis multifasciata,No,S-SBuloh,49
Lizards,Common Sun Skink,Eutropis multifasciata,No,S-MalRes,148
Lizards,Common Sun Skink,Eutropis multifasciata,No,Mutiara,9
Lizards,Common Sun Skink,Eutropis multifasciata,No,Perdana,15
Dragonflies,Oriental Blue Dasher,Brachydiplax chalybea,No,Sepilok,11
Dragonflies,Oriental Blue Dasher,Brachydiplax chalybea,No,S-PUbin,8
Dragonflies,Oriental Blue Dasher,Brachydiplax chalybea,No,S-SBuloh,136
Dragonflies,Oriental Blue Dasher,Brachydiplax chalybea,No,S-MalRes,70
Dragonflies,Oriental Blue Dasher,Brachydiplax chalybea,No,Perdana,4
Butterflies,Malay Viscount,Tanaecia pelea,No,S-PUbin,36
Butterflies,Malay Viscount,Tanaecia pelea,No,S-MalRes,157
Butterflies,Malay Viscount,Tanaecia pelea,No,Mutiara,12
Butterflies,Malay Viscount,Tanaecia pelea,No,Perdana,3
Dragonflies,Grenadier,Agrionoptera insignis,No,Sepilok,5
Dragonflies,Grenadier,Agrionoptera insignis,No,S-PUbin,27
Dragonflies,Grenadier,Agrionoptera insignis,No,S-SBuloh,28
Dragonflies,Grenadier,Agrionoptera insignis,No,S-MalRes,141
Snakes,Oriental Whipsnake,Ahaetulla prasina,No,Sepilok,3
Snakes,Oriental Whipsnake,Ahaetulla prasina,No,S-PUbin,36
Snakes,Oriental Whipsnake,Ahaetulla prasina,No,S-SBuloh,117
Snakes,Oriental Whipsnake,Ahaetulla prasina,No,S-MalRes,41
Butterflies,Brown Pansy,Junonia hedonia,No,Sepilok,18
Butterflies,Brown Pansy,Junonia hedonia,No,S-PUbin,27
Butterflies,Brown Pansy,Junonia hedonia,No,S-SBuloh,22
Butterflies,Brown Pansy,Junonia hedonia,No,S-MalRes,105
Butterflies,Brown Pansy,Junonia hedonia,No,Perdana,17
Lizards,Indian Garden Lizard,Calotes versicolor,Yes,S-PUbin,28
Lizards,Indian Garden Lizard,Calotes versicolor,Yes,S-SBuloh,99
Lizards,Indian Garden Lizard,Calotes versicolor,Yes,S-MalRes,52
Lizards,Indian Garden Lizard,Calotes versicolor,Yes,Perdana,3
Dragonflies,Scarlet Skimmer,Crocothemis servilia,Yes,S-PUbin,3
Dragonflies,Scarlet Skimmer,Crocothemis servilia,Yes,S-SBuloh,61
Dragonflies,Scarlet Skimmer,Crocothemis servilia,Yes,S-MalRes,116
Butterflies,Malay Cruiser,Vindula dejone,No,S-MalRes,160
Butterflies,Malay Cruiser,Vindula dejone,No,Mutiara,11
Butterflies,Branded Imperial,Eooxylides tharis,No,S-MalRes,169
Dragonflies,Crimson Marsh Glider,Trithemis aurora,Yes,S-PUbin,7
Dragonflies,Crimson Marsh Glider,Trithemis aurora,Yes,S-MalRes,137
Dragonflies,Crimson Marsh Glider,Trithemis aurora,Yes,Perdana,23
Damselflies,Orange-tailed Marsh Dart,Ceriagrion cerinorubellum,No,Sepilok,8
Damselflies,Orange-tailed Marsh Dart,Ceriagrion cerinorubellum,No,S-PUbin,11
Damselflies,Orange-tailed Marsh Dart,Ceriagrion cerinorubellum,No,S-SBuloh,11
Damselflies,Orange-tailed Marsh Dart,Ceriagrion cerinorubellum,No,S-MalRes,131
Dragonflies,Brown-backed Red Marsh Hawk,Orthetrum chrysis,No,Sepilok,3
Dragonflies,Brown-backed Red Marsh Hawk,Orthetrum chrysis,No,S-PUbin,6
Dragonflies,Brown-backed Red Marsh Hawk,Orthetrum chrysis,No,S-SBuloh,16
Dragonflies,Brown-backed Red Marsh Hawk,Orthetrum chrysis,No,S-MalRes,122
Dragonflies,Brown-backed Red Marsh Hawk,Orthetrum chrysis,No,Mutiara,7
Dragonflies,Treehugger,Tyriobapta torrida,No,Sepilok,18
Dragonflies,Treehugger,Tyriobapta torrida,No,S-MalRes,126
Dragonflies,Treehugger,Tyriobapta torrida,No,Mutiara,3
Dragonflies,Treehugger,Tyriobapta torrida,No,Perdana,3
Lizards,Green Crested Lizard,Bronchocela cristatella,No,Sepilok,37
Lizards,Green Crested Lizard,Bronchocela cristatella,No,S-PUbin,20
Lizards,Green Crested Lizard,Bronchocela cristatella,No,S-SBuloh,35
Lizards,Green Crested Lizard,Bronchocela cristatella,No,S-MalRes,57
Dragonflies,Rufous Marsh Glider,Rhodothemis rufa,No,Sepilok,9
Dragonflies,Rufous Marsh Glider,Rhodothemis rufa,No,S-SBuloh,35
Dragonflies,Rufous Marsh Glider,Rhodothemis rufa,No,S-MalRes,99
Dragonflies,Rufous Marsh Glider,Rhodothemis rufa,No,Perdana,4
Dragonflies,Orange Skimmer,Orthetrum testaceum,No,Sepilok,17
Dragonflies,Orange Skimmer,Orthetrum testaceum,No,S-PUbin,4
Dragonflies,Orange Skimmer,Orthetrum testaceum,No,S-SBuloh,20
Dragonflies,Orange Skimmer,Orthetrum testaceum,No,S-MalRes,85
Dragonflies,Orange Skimmer,Orthetrum testaceum,No,Mutiara,8
Dragonflies,Orange Skimmer,Orthetrum testaceum,No,Perdana,9
Dragonflies,Common Picture Wing,Rhyothemis variegata,Yes,Sepilok,4
Dragonflies,Common Picture Wing,Rhyothemis variegata,Yes,S-PUbin,14
Dragonflies,Common Picture Wing,Rhyothemis variegata,Yes,S-SBuloh,87
Dragonflies,Common Picture Wing,Rhyothemis variegata,Yes,S-MalRes,33
Dragonflies,Common Picture Wing,Rhyothemis variegata,Yes,Perdana,4
Damselflies,Pseudagrion siamense,Pseudagrion siamense,No,Sepilok,4
Butterflies,Short Banded Sailer,Phaedyma columella,No,S-PUbin,28
Damselflies,Pseudagrion siamense,Pseudagrion siamense,No,S-PUbin,5
Butterflies,Short Banded Sailer,Phaedyma columella,No,S-SBuloh,79
Damselflies,Pseudagrion siamense,Pseudagrion siamense,No,S-SBuloh,11
Butterflies,Short Banded Sailer,Phaedyma columella,No,S-MalRes,26
Damselflies,Pseudagrion siamense,Pseudagrion siamense,No,S-MalRes,110
Damselflies,Pseudagrion siamense,Pseudagrion siamense,No,Perdana,3
Butterflies,Knight,Lebadea martha,No,S-PUbin,69
Butterflies,Chestnut Bob,Iambrix salsala,No,S-PUbin,14
Butterflies,Knight,Lebadea martha,No,S-SBuloh,10
Butterflies,Chestnut Bob,Iambrix salsala,No,S-SBuloh,9
Butterflies,Chestnut Bob,Iambrix salsala,No,S-MalRes,101
Butterflies,Knight,Lebadea martha,No,S-MalRes,46
Butterflies,Knight,Lebadea martha,No,Mutiara,3
Butterflies,Chestnut Bob,Iambrix salsala,No,Perdana,4
Dragonflies,Slender Skimmer,Orthetrum sabina,Yes,Sepilok,6
Dragonflies,Slender Skimmer,Orthetrum sabina,Yes,S-PUbin,6
Dragonflies,Slender Skimmer,Orthetrum sabina,Yes,S-SBuloh,30
Dragonflies,Slender Skimmer,Orthetrum sabina,Yes,S-MalRes,79
Dragonflies,Slender Skimmer,Orthetrum sabina,Yes,Perdana,5
Butterflies,Common Posy,Drupadia ravindra,No,Sepilok,3
Butterflies,Common Posy,Drupadia ravindra,No,S-MalRes,107
Butterflies,Common Posy,Drupadia ravindra,No,Mutiara,14
Butterflies,Burmese Bushbrown,Mycalesis perseoides,No,S-PUbin,14
Butterflies,Burmese Bushbrown,Mycalesis perseoides,No,S-SBuloh,6
Butterflies,Burmese Bushbrown,Mycalesis perseoides,No,S-MalRes,102
Mammals,Prevost's Squirrel,Callosciurus prevostii,No,Sepilok,121
Snakes,Bornean Keeled Pit Viper,Tropidolaemus subannulatus,No,Sepilok,120
Butterflies,Common Cerulean,Jamides celeno,No,S-PUbin,5
Butterflies,Common Cerulean,Jamides celeno,No,S-MalRes,110
Butterflies,Common Cerulean,Jamides celeno,No,Perdana,4
Butterflies,Blue Glassy Tiger,Ideopsis vulgaris,No,Sepilok,4
Butterflies,Blue Glassy Tiger,Ideopsis vulgaris,No,S-PUbin,73
Butterflies,Common Palmfly,Elymnias hypermnestra,No,S-PUbin,31
Butterflies,Common Palmfly,Elymnias hypermnestra,No,S-SBuloh,48
Butterflies,Blue Glassy Tiger,Ideopsis vulgaris,No,S-SBuloh,29
Butterflies,Common Palmfly,Elymnias hypermnestra,No,S-MalRes,28
Butterflies,Blue Glassy Tiger,Ideopsis vulgaris,No,S-MalRes,6
Butterflies,Common Palmfly,Elymnias hypermnestra,No,Mutiara,4
Butterflies,Common Palmfly,Elymnias hypermnestra,No,Perdana,7
Butterflies,Blue Glassy Tiger,Ideopsis vulgaris,No,Perdana,6
Butterflies,Peacock Pansy,Junonia almana,Yes,S-PUbin,38
Butterflies,Peacock Pansy,Junonia almana,Yes,S-SBuloh,6
Butterflies,Peacock Pansy,Junonia almana,Yes,S-MalRes,60
Butterflies,Peacock Pansy,Junonia almana,Yes,Perdana,12
Snakes,Mangrove Viper,Trimeresurus purpureomaculatus,No,S-SBuloh,109
Snakes,Mangrove Viper,Trimeresurus purpureomaculatus,No,S-MalRes,5
Butterflies,Malayan Lascar,Lasippa tiga,No,S-MalRes,103
Butterflies,Malayan Lascar,Lasippa tiga,No,Mutiara,3
Butterflies,Malayan Lascar,Lasippa tiga,No,Perdana,4
Damselflies,Common Flashwing,Vestalis amethystina,No,S-MalRes,102
Damselflies,Common Flashwing,Vestalis amethystina,No,Mutiara,6
Butterflies,Common Tit,Hypolycaena erylus,No,S-PUbin,26
Butterflies,Common Tit,Hypolycaena erylus,No,S-SBuloh,42
Butterflies,Common Tit,Hypolycaena erylus,No,S-MalRes,33
Butterflies,Common Tit,Hypolycaena erylus,No,Mutiara,6
Damselflies,Orange-striped Threadtail,Prodasineura humeralis,No,S-MalRes,106
Butterflies,Horsfield's Baron,Tanaecia iapis,No,Sepilok,5
Butterflies,Horsfield's Baron,Tanaecia iapis,No,S-PUbin,23
Butterflies,Lesser Dart,Potanthus omaha,No,S-PUbin,22
Butterflies,Lesser Dart,Potanthus omaha,No,S-SBuloh,9
Butterflies,Malayan Five-Ring,Ypthima horsfieldii,No,S-MalRes,98
Butterflies,Lesser Dart,Potanthus omaha,No,S-MalRes,71
Butterflies,Horsfield's Baron,Tanaecia iapis,No,S-MalRes,70
Butterflies,Horsfield's Baron,Tanaecia iapis,No,Mutiara,4
Butterflies,Malayan Five-Ring,Ypthima horsfieldii,No,Mutiara,4
Butterflies,Horsfield's Baron,Tanaecia iapis,No,Perdana,3
Butterflies,Lesser Dart,Potanthus omaha,No,Perdana,3
Butterflies,Malayan Five-Ring,Ypthima horsfieldii,No,Perdana,3
Mammals,Sunda Colugo,Galeopterus variegatus,No,Sepilok,15
Mammals,Sunda Colugo,Galeopterus variegatus,No,S-MalRes,82
Mammals,Sunda Colugo,Galeopterus variegatus,No,Mutiara,3
Dragonflies,Common Flangetail,Ictinogomphus decoratus,No,Sepilok,12
Dragonflies,Common Flangetail,Ictinogomphus decoratus,No,S-PUbin,7
Dragonflies,Common Flangetail,Ictinogomphus decoratus,No,S-SBuloh,26
Dragonflies,Common Flangetail,Ictinogomphus decoratus,No,S-MalRes,49
Butterflies,Great Eggfly,Hypolimnas bolina,No,Sepilok,21
Butterflies,Great Eggfly,Hypolimnas bolina,No,S-PUbin,27
Butterflies,Dull Oak-Blue,Arhopala centaurus,No,S-PUbin,6
Butterflies,Dull Oak-Blue,Arhopala centaurus,No,S-SBuloh,69
Butterflies,Great Eggfly,Hypolimnas bolina,No,S-SBuloh,20
Butterflies,Dull Oak-Blue,Arhopala centaurus,No,S-MalRes,15
Butterflies,Great Eggfly,Hypolimnas bolina,No,S-MalRes,13
Butterflies,Great Eggfly,Hypolimnas bolina,No,Mutiara,9
Butterflies,Dull Oak-Blue,Arhopala centaurus,No,Mutiara,3
Butterflies,Great Eggfly,Hypolimnas bolina,No,Perdana,3
Snakes,Wagler's Pit Viper,Tropidolaemus wagleri,No,S-MalRes,84
Snakes,Wagler's Pit Viper,Tropidolaemus wagleri,No,Mutiara,7
Snakes,Paradise Flying Snake,Chrysopelea paradisi,No,Sepilok,11
Snakes,Paradise Flying Snake,Chrysopelea paradisi,No,S-PUbin,7
Snakes,Paradise Flying Snake,Chrysopelea paradisi,No,S-SBuloh,66
Snakes,Paradise Flying Snake,Chrysopelea paradisi,No,S-MalRes,6
Butterflies,Rustic,Cupha erymanthis,No,Sepilok,7
Dragonflies,Scarlet Basker,Urothemis signata,No,Sepilok,5
Butterflies,Rustic,Cupha erymanthis,No,S-PUbin,47
Butterflies,Rustic,Cupha erymanthis,No,S-SBuloh,12
Dragonflies,Scarlet Basker,Urothemis signata,No,S-SBuloh,25
Butterflies,Grey Sailer,Neptis leucoporos,No,S-MalRes,89
Butterflies,Rustic,Cupha erymanthis,No,S-MalRes,18
Dragonflies,Scarlet Basker,Urothemis signata,No,S-MalRes,59
Butterflies,Rustic,Cupha erymanthis,No,Mutiara,5
Dragonflies,Grizzled Pintail,Acisoma panorpoides,No,S-PUbin,7
Dragonflies,Grizzled Pintail,Acisoma panorpoides,No,S-SBuloh,8
Dragonflies,Grizzled Pintail,Acisoma panorpoides,No,S-MalRes,73
Lizards,Rough Mabuya,Eutropis rudis,No,Sepilok,87
Lizards,Asian House Gecko,Hemidactylus frenatus,Yes,Sepilok,14
Lizards,Asian House Gecko,Hemidactylus frenatus,Yes,S-PUbin,15
Lizards,Asian House Gecko,Hemidactylus frenatus,Yes,S-SBuloh,38
Lizards,Asian House Gecko,Hemidactylus frenatus,Yes,S-MalRes,11
Lizards,Asian House Gecko,Hemidactylus frenatus,Yes,Mutiara,9
Butterflies,Common Mormon Swallowtail,Papilio polytes,Yes,S-PUbin,24
Butterflies,Common Mormon Swallowtail,Papilio polytes,Yes,S-SBuloh,3
Butterflies,Common Mormon Swallowtail,Papilio polytes,Yes,S-MalRes,53
Butterflies,Common Mormon Swallowtail,Papilio polytes,Yes,Mutiara,3
Butterflies,Common Mormon Swallowtail,Papilio polytes,Yes,Perdana,3
Butterflies,Sumatran Sunbeam,Curetis saronis,No,S-PUbin,34
Butterflies,Dark-branded Bushbrown,Mycalesis mineus,No,S-PUbin,24
Dragonflies,Asian Blood Tail,Lathrecista asiatica,No,S-PUbin,5
Butterflies,Sumatran Sunbeam,Curetis saronis,No,S-SBuloh,49
Butterflies,Dark-branded Bushbrown,Mycalesis mineus,No,S-SBuloh,5
Dragonflies,Asian Blood Tail,Lathrecista asiatica,No,S-SBuloh,30
Butterflies,Dark-branded Bushbrown,Mycalesis mineus,No,S-MalRes,54
Dragonflies,Asian Blood Tail,Lathrecista asiatica,No,S-MalRes,44
Dragonflies,Asian Blood Tail,Lathrecista asiatica,No,Mutiara,4
Butterflies,Plains Cupid,Luthrodes pandava,Yes,Sepilok,3
Butterflies,Plains Cupid,Luthrodes pandava,Yes,S-PUbin,44
Butterflies,Plain Nawab,Polyura hebe,No,S-SBuloh,10
Butterflies,Plain Nawab,Polyura hebe,No,S-MalRes,72
Butterflies,Plains Cupid,Luthrodes pandava,Yes,S-MalRes,20
Butterflies,Plains Cupid,Luthrodes pandava,Yes,Mutiara,6
Butterflies,Plains Cupid,Luthrodes pandava,Yes,Perdana,9
Butterflies,Dark Glassy Tiger,Parantica agleoides,No,S-PUbin,44
Butterflies,Dark Glassy Tiger,Parantica agleoides,No,S-SBuloh,24
Butterflies,Dark Glassy Tiger,Parantica agleoides,No,S-MalRes,13
Lizards,Flat-tailed House Gecko,Hemidactylus platyurus,No,Sepilok,48
Lizards,Flat-tailed House Gecko,Hemidactylus platyurus,No,S-SBuloh,17
Lizards,Flat-tailed House Gecko,Hemidactylus platyurus,No,S-MalRes,4
Lizards,Flat-tailed House Gecko,Hemidactylus platyurus,No,Mutiara,9
Butterflies,Yellow Vein Lancer,Pyroneura latoia,No,S-MalRes,77
Butterflies,Common Archduke,Lexias pardalis,No,S-MalRes,71
Dragonflies,Charcoal-winged Percher,Diplacodes nebulosa,No,S-MalRes,77
Butterflies,Common Archduke,Lexias pardalis,No,Mutiara,6
Butterflies,Cornelian,Deudorix epijarbas,No,S-MalRes,76
Frogs & Toads,Common Southeast Asian Tree Frog,Polypedates leucomystax,No,Sepilok,11
Frogs & Toads,Common Southeast Asian Tree Frog,Polypedates leucomystax,No,S-PUbin,8
Frogs & Toads,Common Southeast Asian Tree Frog,Polypedates leucomystax,No,S-SBuloh,6
Butterflies,Elbowed Pierrot,Caleta elna,No,S-MalRes,74
Frogs & Toads,Common Southeast Asian Tree Frog,Polypedates leucomystax,No,S-MalRes,28
Damselflies,Blue-spotted Flatwing,Podolestes orientalis,No,S-MalRes,74
Frogs & Toads,Common Southeast Asian Tree Frog,Polypedates leucomystax,No,Mutiara,21
Mammals,Red Giant Flying Squirrel,Petaurista petaurista,No,Sepilok,73
Frogs & Toads,Green Paddy Frog,Hylarana erythraea,No,Sepilok,17
Frogs & Toads,Green Paddy Frog,Hylarana erythraea,No,S-PUbin,6
Frogs & Toads,Green Paddy Frog,Hylarana erythraea,No,S-SBuloh,37
Frogs & Toads,Green Paddy Frog,Hylarana erythraea,No,S-MalRes,13
Dragonflies,Variable Sentinel,Orchithemis pulcherrima,No,S-MalRes,73
Dragonflies,Sultan,Camacinia gigantea,No,S-PUbin,41
Dragonflies,Sultan,Camacinia gigantea,No,S-SBuloh,16
Dragonflies,Scarlet Pygmy,Nannophya pygmaea,No,S-MalRes,72
Dragonflies,Sultan,Camacinia gigantea,No,S-MalRes,15
Butterflies,Grey Pansy,Junonia atlites,No,Sepilok,6
Butterflies,Grey Pansy,Junonia atlites,No,S-PUbin,4
Butterflies,Grey Pansy,Junonia atlites,No,S-SBuloh,26
Butterflies,Common Faun,Faunis canens,No,S-MalRes,70
Butterflies,Grey Pansy,Junonia atlites,No,S-MalRes,34
Damselflies,Violet Sprite,Archibasis viola,No,S-MalRes,68
Butterflies,Commander,Moduza procris,No,Sepilok,3
Butterflies,Commander,Moduza procris,No,S-PUbin,3
Butterflies,Commander,Moduza procris,No,S-MalRes,55
Butterflies,Commander,Moduza procris,No,Mutiara,5
Butterflies,Powdered Baron,Euthalia monina,No,Sepilok,3
Butterflies,Powdered Baron,Euthalia monina,No,S-PUbin,5
Butterflies,Powdered Baron,Euthalia monina,No,S-MalRes,52
Butterflies,Powdered Baron,Euthalia monina,No,Perdana,5
Butterflies,Fluffy Tit,Zeltus amasa,No,S-MalRes,61
Butterflies,Fluffy Tit,Zeltus amasa,No,Mutiara,3
Dragonflies,Scarlet Adjutant,Aethriamanta brevipennis,No,S-MalRes,63
Dragonflies,Blue Marsh Hawk,Orthetrum glaucum,No,S-MalRes,56
Dragonflies,Blue Marsh Hawk,Orthetrum glaucum,No,Perdana,7
Frogs & Toads,Malayan Copper-cheeked Frog,Hylarana labialis,No,S-MalRes,62
Butterflies,Common Hedge Blue,Acytolepis puspa,No,S-MalRes,61
Butterflies,Clipper,Parthenos sylvia,No,Sepilok,55
Butterflies,Common Birdwing,Troides helena,No,S-PUbin,20
Butterflies,Common Birdwing,Troides helena,No,S-SBuloh,12
Butterflies,Common Birdwing,Troides helena,No,S-MalRes,18
Butterflies,Common Birdwing,Troides helena,No,Mutiara,3
Butterflies,Common Birdwing,Troides helena,No,Perdana,7
Butterflies,Clipper,Parthenos sylvia,No,Perdana,5
Dragonflies,Dancing Dropwing,Trithemis pallidinervis,No,S-MalRes,59
Dragonflies,Pond Adjutant,Aethriamanta gracilis,No,Sepilok,7
Dragonflies,Pond Adjutant,Aethriamanta gracilis,No,S-PUbin,6
Dragonflies,Pond Adjutant,Aethriamanta gracilis,No,S-MalRes,45
Frogs & Toads,Asian Common Toad,Duttaphrynus melanostictus,No,Sepilok,23
Butterflies,Striped Albatross,Appias libythea,No,S-PUbin,20
Butterflies,Major Yellow Oakblue,Arhopala major,No,S-PUbin,3
Frogs & Toads,Asian Common Toad,Duttaphrynus melanostictus,No,S-PUbin,9
Butterflies,Striped Albatross,Appias libythea,No,S-SBuloh,6
Frogs & Toads,Asian Common Toad,Duttaphrynus melanostictus,No,S-SBuloh,5
Butterflies,Major Yellow Oakblue,Arhopala major,No,S-MalRes,49
Butterflies,Striped Albatross,Appias libythea,No,S-MalRes,25
Frogs & Toads,Asian Common Toad,Duttaphrynus melanostictus,No,S-MalRes,14
Frogs & Toads,Asian Common Toad,Duttaphrynus melanostictus,No,Mutiara,4
Butterflies,Striped Albatross,Appias libythea,No,Perdana,4
Butterflies,Major Yellow Oakblue,Arhopala major,No,Perdana,3
Lizards,Borneo Skink,Dasia vittata,No,Sepilok,54
Lizards,Sumatran Flying Dragon,Draco sumatranus,No,S-PUbin,10
Lizards,Sumatran Flying Dragon,Draco sumatranus,No,S-SBuloh,21
Lizards,Sumatran Flying Dragon,Draco sumatranus,No,S-MalRes,23
Dragonflies,Indigo Dropwing,Trithemis festiva,No,S-MalRes,54
Snakes,Western Mangrove Cat Snake,Boiga melanota,No,S-MalRes,53
Butterflies,Dark Cerulean,Jamides bochus,Yes,S-PUbin,31
Butterflies,Dark Cerulean,Jamides bochus,Yes,S-SBuloh,12
Butterflies,Dark Cerulean,Jamides bochus,Yes,S-MalRes,9
Damselflies,Look-alike Sprite,Pseudagrion australasiae,No,S-MalRes,52
Butterflies,Small Branded Swift,Pelopidas mathias,No,S-PUbin,9
Butterflies,Small Branded Swift,Pelopidas mathias,No,S-SBuloh,6
Butterflies,Suffused Snow Flat,Tagiades gana,No,S-MalRes,51
Butterflies,Small Branded Swift,Pelopidas mathias,No,S-MalRes,36
Dragonflies,Dark-tipped Forest-Skimmer,Cratilla metallica,No,S-PUbin,12
Dragonflies,Dark-tipped Forest-Skimmer,Cratilla metallica,No,S-MalRes,32
Dragonflies,Dark-tipped Forest-Skimmer,Cratilla metallica,No,Mutiara,5
Butterflies,Common Ciliate Blue,Anthene emolus,No,S-PUbin,18
Butterflies,Common Ciliate Blue,Anthene emolus,No,S-SBuloh,6
Butterflies,Common Dartlet,Oriens gola,No,S-MalRes,48
Butterflies,Common Ciliate Blue,Anthene emolus,No,S-MalRes,24
Dragonflies,Slender Blue Skimmer,Orthetrum luzonicum,No,S-MalRes,48
Damselflies,Crescent Threadtail,Prodasineura notostigma,No,S-MalRes,48
Flowers,Finlayson's Cymbidium,Cymbidium finlaysonianum,No,S-SBuloh,39
Flowers,Finlayson's Cymbidium,Cymbidium finlaysonianum,No,S-MalRes,8
Butterflies,Common Sailer,Neptis hylas,Yes,S-PUbin,31
Butterflies,Common Sailer,Neptis hylas,Yes,S-SBuloh,3
Butterflies,Royal Assyrian,Terinos terpander,No,S-MalRes,38
Butterflies,Common Sailer,Neptis hylas,Yes,S-MalRes,9
Butterflies,Royal Assyrian,Terinos terpander,No,Mutiara,8
Butterflies,Common Sailer,Neptis hylas,Yes,Perdana,3
Butterflies,Lemon Migrant,Catopsilia pomona,No,S-PUbin,27
Snakes,Sunda King Cobra,Ophiophagus bungarus,No,S-SBuloh,41
Butterflies,Lemon Migrant,Catopsilia pomona,No,S-MalRes,18
Snakes,Sunda King Cobra,Ophiophagus bungarus,No,S-MalRes,4
Lizards,Double-spotted Gecko,Gekko monarchus,No,Sepilok,17
Lizards,Double-spotted Gecko,Gekko monarchus,No,S-PUbin,3
Butterflies,Long Brand Bushbrown,Mycalesis visala,No,S-MalRes,44
Lizards,Double-spotted Gecko,Gekko monarchus,No,S-MalRes,7
Lizards,Double-spotted Gecko,Gekko monarchus,No,Mutiara,17
Butterflies,Black-tipped Archduke,Lexias dirtea,No,Sepilok,7
Dragonflies,Asian Sapphire Flutterer,Rhyothemis triangularis,No,Sepilok,7
Butterflies,Common Bluebottle,Graphium sarpedon,Yes,S-PUbin,3
Butterflies,Common Bluebottle,Graphium sarpedon,Yes,S-SBuloh,14
Dragonflies,Asian Sapphire Flutterer,Rhyothemis triangularis,No,S-SBuloh,5
Butterflies,Black-tipped Archduke,Lexias dirtea,No,S-MalRes,33
Butterflies,Common Bluebottle,Graphium sarpedon,Yes,S-MalRes,26
Lizards,Black-barbed Flying Dragon,Draco melanopogon,No,S-MalRes,37
Mammals,Lowland Slender Squirrel,Sundasciurus tenuis,No,S-MalRes,33
Dragonflies,Asian Sapphire Flutterer,Rhyothemis triangularis,No,S-MalRes,31
Butterflies,Black-tipped Archduke,Lexias dirtea,No,Mutiara,3
Mammals,Lowland Slender Squirrel,Sundasciurus tenuis,No,Mutiara,10
Lizards,Black-barbed Flying Dragon,Draco melanopogon,No,Mutiara,6
Damselflies,Scalloped Spreadwing,Lestes decipiens,No,S-MalRes,42
Snakes,Reticulated Python,Malayopython reticulatus,No,Sepilok,3
Snakes,Reticulated Python,Malayopython reticulatus,No,S-SBuloh,24
Snakes,Reticulated Python,Malayopython reticulatus,No,S-MalRes,14
Butterflies,Purple Crow Butterfly,Euploea tulliolus,Yes,S-PUbin,40
Butterflies,Grass Demon,Udaspes folus,No,S-PUbin,16
Butterflies,Grass Demon,Udaspes folus,No,S-SBuloh,3
Damselflies,Variable Wisp,Agriocnemis femina,No,S-SBuloh,4
Butterflies,Pied Flat,Tagiades japetus,No,S-MalRes,40
Butterflies,Grass Demon,Udaspes folus,No,S-MalRes,21
Damselflies,Variable Wisp,Agriocnemis femina,No,S-MalRes,36
Butterflies,Psyche,Leptosia nina,No,Sepilok,3
Butterflies,Common Rose Swallowtail,Pachliopta aristolochiae,No,S-PUbin,30
Butterflies,Psyche,Leptosia nina,No,S-PUbin,11
Butterflies,Psyche,Leptosia nina,No,S-SBuloh,7
Dragonflies,Striped Grenadier,Nesoxenia lineata,No,S-SBuloh,3
Butterflies,Psyche,Leptosia nina,No,S-MalRes,15
Butterflies,Common Rose Swallowtail,Pachliopta aristolochiae,No,S-MalRes,9
Dragonflies,Striped Grenadier,Nesoxenia lineata,No,S-MalRes,36
Butterflies,Psyche,Leptosia nina,No,Perdana,3
Snakes,Striped Bronzeback,Dendrelaphis caudolineatus,No,Sepilok,22
Butterflies,Perak Lascar,Pantoporia paraka,No,S-PUbin,17
Butterflies,Brown Awl,Badamia exclamationis,No,S-SBuloh,10
Butterflies,Perak Lascar,Pantoporia paraka,No,S-SBuloh,9
Butterflies,Brown Awl,Badamia exclamationis,No,S-MalRes,28
Butterflies,Perak Lascar,Pantoporia paraka,No,S-MalRes,12
Snakes,Striped Bronzeback,Dendrelaphis caudolineatus,No,S-MalRes,13
Snakes,Striped Bronzeback,Dendrelaphis caudolineatus,No,Mutiara,3
Snakes,Painted Bronzeback,Dendrelaphis pictus,No,S-PUbin,5
Snakes,Painted Bronzeback,Dendrelaphis pictus,No,S-SBuloh,7
Snakes,Painted Bronzeback,Dendrelaphis pictus,No,S-MalRes,22
Snakes,Painted Bronzeback,Dendrelaphis pictus,No,Perdana,3
Butterflies,Plain Tiger Butterfly,Danaus chrysippus,No,S-PUbin,32
Butterflies,Tiny Grass Blue,Zizula hylax,No,S-PUbin,7
Butterflies,Great Helen Swallowtail,Papilio iswara,No,S-MalRes,36
Butterflies,Malayan Bushbrown,Mycalesis fusca,No,S-MalRes,36
Butterflies,Saturn,Zeuxidia amethystus,No,S-MalRes,33
Butterflies,Tiny Grass Blue,Zizula hylax,No,S-MalRes,26
Butterflies,Plain Tiger Butterfly,Danaus chrysippus,No,S-MalRes,4
Damselflies,Telephone Sylvan,Coeliccia octogesima,No,S-MalRes,36
Butterflies,Saturn,Zeuxidia amethystus,No,Mutiara,3
Butterflies,Tiny Grass Blue,Zizula hylax,No,Perdana,3
Butterflies,Common Awl,Hasora badra,No,S-PUbin,10
Dragonflies,Wandering Pennant,Macrodiplax cora,No,S-PUbin,5
Butterflies,Common Awl,Hasora badra,No,S-SBuloh,15
Mammals,Common Treeshrew,Tupaia glis,No,S-SBuloh,7
Dragonflies,Wandering Pennant,Macrodiplax cora,No,S-SBuloh,11
Butterflies,Purple Duke,Eulaceura osteria,No,S-MalRes,32
Butterflies,Common Awl,Hasora badra,No,S-MalRes,10
Mammals,Common Treeshrew,Tupaia glis,No,S-MalRes,12
Dragonflies,Wandering Pennant,Macrodiplax cora,No,S-MalRes,19
Butterflies,Purple Duke,Eulaceura osteria,No,Mutiara,3
Mammals,Common Treeshrew,Tupaia glis,No,Mutiara,3
Mammals,Common Treeshrew,Tupaia glis,No,Perdana,13
Butterflies,Common Grass Yellow,Eurema hecabe,Yes,S-PUbin,18
Butterflies,Dingy Bushbrown,Mycalesis perseus,No,S-PUbin,8
Butterflies,Common Grass Yellow,Eurema hecabe,Yes,S-SBuloh,8
Butterflies,Dingy Bushbrown,Mycalesis perseus,No,S-SBuloh,8
Butterflies,Dingy Bushbrown,Mycalesis perseus,No,S-MalRes,18
Butterflies,Common Grass Yellow,Eurema hecabe,Yes,S-MalRes,8
Lizards,Bartlett’s Flying Dragon,Draco cornutus,No,Sepilok,33
Butterflies,White Tiger Butterfly,Danaus melanippus,No,S-PUbin,33
Butterflies,Tailess Disc Oakblue,Arhopala epimuta,No,S-MalRes,30
Butterflies,Common Line Blue,Prosotas nora,Yes,S-MalRes,25
Butterflies,Common Lascar,Pantoporia hordonia,No,S-MalRes,21
Butterflies,Common Lascar,Pantoporia hordonia,No,Mutiara,12
Butterflies,Common Line Blue,Prosotas nora,Yes,Mutiara,8
Butterflies,Tailess Disc Oakblue,Arhopala epimuta,No,Mutiara,3
Snakes,Red-tailed Green Ratsnake,Gonyosoma oxycephalum,No,Sepilok,16
Butterflies,Chocolate Pansy,Junonia iphita,No,Sepilok,21
Butterflies,Blue Pansy,Junonia orithya,Yes,Sepilok,7
Butterflies,Blue Pansy,Junonia orithya,Yes,S-PUbin,4
Butterflies,Blue Pansy,Junonia orithya,Yes,S-SBuloh,3
Butterflies,Common Yamfly,Loxura atymnus,No,S-MalRes,29
Butterflies,Blue Pansy,Junonia orithya,Yes,S-MalRes,12
Snakes,Red-tailed Green Ratsnake,Gonyosoma oxycephalum,No,S-MalRes,10
Butterflies,Chocolate Pansy,Junonia iphita,No,Mutiara,8
Snakes,Red-tailed Green Ratsnake,Gonyosoma oxycephalum,No,Mutiara,6
Butterflies,Blue Pansy,Junonia orithya,Yes,Perdana,6
Butterflies,Chocolate Pansy,Junonia iphita,No,Perdana,3
Butterflies,Common Yamfly,Loxura atymnus,No,Perdana,3
Butterflies,Common Leopard,Phalanta phalantha,No,S-PUbin,27
Dragonflies,Mangrove Dwarf,Raphismia bispina,No,S-PUbin,12
Butterflies,Indian Palm Bob,Suastus gremius,No,S-SBuloh,6
Dragonflies,Mangrove Dwarf,Raphismia bispina,No,S-SBuloh,19
Butterflies,Indian Palm Bob,Suastus gremius,No,S-MalRes,25
Butterflies,Common Leopard,Phalanta phalantha,No,S-MalRes,4
Butterflies,Dark Tit,Hypolycaena thecloides,No,S-PUbin,14
Butterflies,Autumn Leaf,Doleschallia bisaltide,No,S-PUbin,9
Butterflies,Tailed Jay,Graphium agamemnon,No,S-PUbin,6
Butterflies,Malayan Eggfly,Hypolimnas anomala,No,S-PUbin,3
Butterflies,Dark Tit,Hypolycaena thecloides,No,S-SBuloh,9
Butterflies,Malayan Eggfly,Hypolimnas anomala,No,S-SBuloh,6
Butterflies,Chocolate Grass Yellow,Eurema sari,No,S-MalRes,30
Butterflies,Rounded Sixline Blue,Nacaduba berenice,No,S-MalRes,30
Butterflies,Tree Yellow,Gandaca harina,No,S-MalRes,30
Butterflies,Tailed Jay,Graphium agamemnon,No,S-MalRes,24
Butterflies,Malayan Eggfly,Hypolimnas anomala,No,S-MalRes,21
Butterflies,Autumn Leaf,Doleschallia bisaltide,No,S-MalRes,12
Butterflies,Dark Tit,Hypolycaena thecloides,No,S-MalRes,7
Butterflies,Autumn Leaf,Doleschallia bisaltide,No,Mutiara,6
Butterflies,Autumn Leaf,Doleschallia bisaltide,No,Perdana,3
Butterflies,Plain Plushblue,Flos apidanus,No,S-PUbin,9
Butterflies,Plain Plushblue,Flos apidanus,No,S-MalRes,20
Mammals,Lesser Oriental Chevrotain,Tragulus kanchil,No,Sepilok,5
Lizards,Borneo Forest Dragon,Gonocephalus bornensis,No,Sepilok,28
Dragonflies,Emerald-banded Skimmer,Cratilla lineata,No,S-PUbin,28
Butterflies,Dubious Flitter,Quedara monteithi,No,S-MalRes,28
Butterflies,Malay Dartlet,Oriens paragola,No,S-MalRes,28
Mammals,Lesser Oriental Chevrotain,Tragulus kanchil,No,S-MalRes,17
Dragonflies,Bronze Flutterer,Rhyothemis obsolescens,No,S-MalRes,28
Mammals,Lesser Oriental Chevrotain,Tragulus kanchil,No,Mutiara,6
Damselflies,Blue-sided Satinwing,Euphaea impar,No,Sepilok,4
Butterflies,Common Five-Ring,Ypthima baldus,No,S-PUbin,6
Butterflies,Lesser Jay,Graphium evemon,No,S-MalRes,24
Butterflies,Lesser Harlequin,Laxita thuisto,No,S-MalRes,23
Butterflies,Common Five-Ring,Ypthima baldus,No,S-MalRes,16
Damselflies,Blue-sided Satinwing,Euphaea impar,No,S-MalRes,23
Butterflies,Lesser Harlequin,Laxita thuisto,No,Mutiara,4
Butterflies,Lesser Jay,Graphium evemon,No,Mutiara,3
Butterflies,Common Five-Ring,Ypthima baldus,No,Perdana,5
Butterflies,Common Baron,Euthalia aconthea,No,S-PUbin,13
Butterflies,Common Baron,Euthalia aconthea,No,S-MalRes,13
Butterflies,Chocolate Demon,Ancistroides nigrita,No,S-PUbin,12
Dragonflies,Ditch Jewel,Brachythemis contaminata,Yes,S-PUbin,3
Butterflies,Tawny Palmfly,Elymnias panthera,No,S-SBuloh,13
Dragonflies,Ditch Jewel,Brachythemis contaminata,Yes,S-SBuloh,14
Butterflies,Chocolate Royal,Remelana jangala,No,S-MalRes,25
Butterflies,Tawny Palmfly,Elymnias panthera,No,S-MalRes,12
Butterflies,Chocolate Demon,Ancistroides nigrita,No,S-MalRes,8
Dragonflies,Ditch Jewel,Brachythemis contaminata,Yes,S-MalRes,8
Butterflies,Chocolate Demon,Ancistroides nigrita,No,Mutiara,5
Snakes,Brown Rat Snake,Ptyas fusca,No,Sepilok,3
Butterflies,Striped Blue Crow,Euploea mulciber,Yes,Sepilok,3
Butterflies,Common Tiger Butterfly,Danaus genutia,No,S-PUbin,21
Butterflies,Striped Blue Crow,Euploea mulciber,Yes,S-PUbin,9
Butterflies,Full Stop Swift,Caltoris cormasa,No,S-PUbin,5
Butterflies,Tawny Coster,Acraea terpsicore,No,S-PUbin,3
Butterflies,Pointed Line Blue,Ionolyce helicon,No,S-PUbin,3
Snakes,Southeast Asian Bockadam,Cerberus schneiderii,No,S-SBuloh,10
Dragonflies,Banded Skimmer,Pseudothemis jorina,No,S-SBuloh,21
Butterflies,Common Four-Ring,Ypthima huebneri,No,S-MalRes,24
Butterflies,Tawny Coster,Acraea terpsicore,No,S-MalRes,21
Butterflies,Pointed Line Blue,Ionolyce helicon,No,S-MalRes,21
Butterflies,Full Stop Swift,Caltoris cormasa,No,S-MalRes,19
Butterflies,Striped Blue Crow,Euploea mulciber,Yes,S-MalRes,12
Butterflies,Common Tiger Butterfly,Danaus genutia,No,S-MalRes,3
Snakes,Brown Rat Snake,Ptyas fusca,No,S-MalRes,21
Snakes,Southeast Asian Bockadam,Cerberus schneiderii,No,S-MalRes,14
Dragonflies,Banded Skimmer,Pseudothemis jorina,No,S-MalRes,3
Damselflies,Golden Gem,Libellago lineata,No,S-MalRes,24
Frogs & Toads,Dark-eared Tree Frog,Polypedates macrotis,No,Sepilok,18
Butterflies,Orange Migrant,Catopsilia scylla,No,S-PUbin,23
Butterflies,Unicolored Darkwing,Allotinus unicolor,No,S-PUbin,16
Butterflies,Smooth-eyed Bushbrown,Orsotriaena medus,No,S-PUbin,9
Butterflies,Hill Grass Yellow,Eurema simulatrix,No,S-MalRes,20
Butterflies,Smooth-eyed Bushbrown,Orsotriaena medus,No,S-MalRes,14
Butterflies,Unicolored Darkwing,Allotinus unicolor,No,S-MalRes,3
Butterflies,Unicolored Darkwing,Allotinus unicolor,No,Mutiara,4
Butterflies,Hill Grass Yellow,Eurema simulatrix,No,Mutiara,3
Frogs & Toads,Dark-eared Tree Frog,Polypedates macrotis,No,Mutiara,5
Butterflies,Malayan Plum Judy,Abisara saturata,No,S-PUbin,22
Butterflies,Contiguous Swift,Polytremis lubricans,No,S-PUbin,5
Butterflies,Contiguous Swift,Polytremis lubricans,No,S-MalRes,17
Snakes,Kopstein's Bronzeback,Dendrelaphis kopsteini,No,S-MalRes,22
Lizards,Dusky Earless Agama,Aphaniotis fusca,No,S-MalRes,9
Lizards,Dusky Earless Agama,Aphaniotis fusca,No,Mutiara,13
Lizards,Sabah Slender Skink,Sphenomorphus sabanus,No,Sepilok,21
Frogs & Toads,Paddy Field Frog,Fejervarya limnocharis,No,Sepilok,9
Butterflies,Lesser Grass Blue,Zizina otis,Yes,Sepilok,4
Butterflies,Blue-spotted Crow Butterfly,Euploea midamus,No,S-PUbin,14
Butterflies,Great Mormon,Papilio agenor,No,S-PUbin,11
Butterflies,Lesser Grass Blue,Zizina otis,Yes,S-PUbin,5
Butterflies,One-spot Grass Yellow,Eurema andersoni,No,S-MalRes,21
Butterflies,Large Fourline Blue,Nacaduba pactolus,No,S-MalRes,21
Butterflies,Lesser Grass Blue,Zizina otis,Yes,S-MalRes,12
Butterflies,Blue-spotted Crow Butterfly,Euploea midamus,No,S-MalRes,7
Frogs & Toads,Paddy Field Frog,Fejervarya limnocharis,No,S-MalRes,8
Butterflies,Great Mormon,Papilio agenor,No,Mutiara,10
Frogs & Toads,Paddy Field Frog,Fejervarya limnocharis,No,Mutiara,4
Frogs & Toads,Rough-sided Frog,Hylarana glandulosa,No,Sepilok,20
Butterflies,Dark Posy,Drupadia theda,No,Sepilok,8
Butterflies,Unbroken Sergeant,Athyma pravara,No,Sepilok,5
Butterflies,Angled Castor,Ariadne ariadne,No,S-PUbin,20
Butterflies,Painted Jezebel,Delias hyparete,No,S-PUbin,6
Butterflies,Yellow Grass Dart,Taractrocera archias,No,S-PUbin,4
Butterflies,Starry Bob,Iambrix stellifer,No,S-MalRes,20
Butterflies,Yellow Grass Dart,Taractrocera archias,No,S-MalRes,16
Butterflies,Painted Jezebel,Delias hyparete,No,S-MalRes,14
Butterflies,Unbroken Sergeant,Athyma pravara,No,S-MalRes,12
Butterflies,Dark Posy,Drupadia theda,No,S-MalRes,9
Dragonflies,Spear-tail Duskhawker,Gynacantha dohrni,No,S-MalRes,20
Butterflies,Unbroken Sergeant,Athyma pravara,No,Mutiara,3
Butterflies,Dark Posy,Drupadia theda,No,Mutiara,3
Mammals,Least Pygmy Squirrel,Exilisciurus exilis,No,Sepilok,19
Butterflies,Metallic Cerulean,Jamides alecto,Yes,S-PUbin,19
Mammals,Long-tailed Macaque,Macaca fascicularis,No,S-PUbin,5
Butterflies,Eliot's Cornelian,Deudorix elioti,No,S-MalRes,19
Mammals,Long-tailed Macaque,Macaca fascicularis,No,S-MalRes,14
Snakes,Equatorial Spitting Cobra,Naja sumatrana,No,Sepilok,3
Butterflies,Apefly,Spalgis epius,No,S-PUbin,10
Butterflies,Harlequin,Taxila haquinus,No,S-SBuloh,12
Butterflies,Apefly,Spalgis epius,No,S-SBuloh,4
Snakes,Equatorial Spitting Cobra,Naja sumatrana,No,S-SBuloh,6
Damselflies,Common Bluetail,Ischnura senegalensis,No,S-SBuloh,6
Butterflies,Yellow Banded Awl,Hasora schoenherr,No,S-MalRes,18
Butterflies,Dark Blue Jungle Glory,Thaumantis klugius,No,S-MalRes,14
Butterflies,Apefly,Spalgis epius,No,S-MalRes,4
Snakes,Blue Malaysian Coralsnake,Calliophis bivirgatus,No,S-MalRes,14
Snakes,Equatorial Spitting Cobra,Naja sumatrana,No,S-MalRes,9
Dragonflies,Shadowdancer,Idionyx yolanda,No,S-MalRes,18
Damselflies,Common Bluetail,Ischnura senegalensis,No,S-MalRes,12
Butterflies,Harlequin,Taxila haquinus,No,Mutiara,6
Butterflies,Dark Blue Jungle Glory,Thaumantis klugius,No,Mutiara,4
Snakes,Blue Malaysian Coralsnake,Calliophis bivirgatus,No,Mutiara,4
Dragonflies,Straight-edge Red Parasol,Neurothemis terminata,No,Sepilok,17
Butterflies,Yellow Palm Dart,Cephrenes trichopepla,No,S-PUbin,11
Butterflies,Common Mime Swallowtail,Papilio clytia,No,S-PUbin,6
Butterflies,Tailless Lineblue,Prosotas dubiosa,No,S-SBuloh,6
Butterflies,Common Bush Hopper,Ampittia dioscorides,No,S-SBuloh,5
Butterflies,Common Bush Hopper,Ampittia dioscorides,No,S-MalRes,12
Butterflies,Common Mime Swallowtail,Papilio clytia,No,S-MalRes,11
Butterflies,Tailless Lineblue,Prosotas dubiosa,No,S-MalRes,11
Butterflies,Yellow Palm Dart,Cephrenes trichopepla,No,S-MalRes,6
Snakes,Banded Flying Snake,Chrysopelea pelias,No,S-MalRes,17
Snakes,Elegant Bronzeback,Dendrelaphis formosus,No,S-MalRes,10
Damselflies,Fiery Coraltail,Ceriagrion chaoi,No,S-MalRes,17
Damselflies,Will-o-Wisp,Amphicnemis gracilis,No,S-MalRes,17
Snakes,Elegant Bronzeback,Dendrelaphis formosus,No,Mutiara,7
Frogs & Toads,Bornean Copper-cheeked Frog,Hylarana raniceps,No,Sepilok,16
Butterflies,Common Tree Nymph,Idea stolli,No,Sepilok,16
Butterflies,Common Three-Ring,Ypthima pandocus,No,Sepilok,3
Butterflies,Common Redeye,Matapa aria,No,S-PUbin,10
Butterflies,Common Redeye,Matapa aria,No,S-SBuloh,3
Butterflies,Jewel Fourline Blue,Nacaduba sanaya,No,S-MalRes,16
Butterflies,Malay Tailed Judy,Archigenes savitri,No,S-MalRes,16
Butterflies,Common Three-Ring,Ypthima pandocus,No,S-MalRes,13
Butterflies,Common Redeye,Matapa aria,No,S-MalRes,3
Mammals,Southern Gray-bellied Squirrel,Callosciurus concolor,No,Mutiara,12
Mammals,Southern Gray-bellied Squirrel,Southern Gray-bellied Squirrel,No,Perdana,4
Frogs & Toads,Lowland Litter Frog,Leptobrachium abbotti,No,Sepilok,15
Butterflies,Bamboo Treebrown,Lethe europa,No,S-PUbin,15
Butterflies,Opaque Sixline Blue,Nacaduba beroe,No,S-MalRes,15
Butterflies,Great Orange Awlet,Burara etelka,No,S-MalRes,15
Snakes,Brown Whip Snake,Dryophiops rubescens,No,Sepilok,10
Lizards,Lewis's Mabuya,Eutropis lewisi,No,Sepilok,14
Butterflies,Club Silverline,Cigaritis syama,No,S-PUbin,14
Butterflies,Dingy Lineblue,Petrelaea dana,No,S-PUbin,11
Butterflies,Large Crow Butterfly,Euploea phaenareta,No,S-PUbin,8
Butterflies,Pale Mottle,Logania marmorata,No,S-PUbin,6
Butterflies,Palm King,Amathusia phidippus,No,S-PUbin,5
Mammals,Greater Oriental Chevrotain,Tragulus napu,No,S-PUbin,14
Snakes,Brown Whip Snake,Dryophiops rubescens,No,S-PUbin,4
Butterflies,Large Crow Butterfly,Euploea phaenareta,No,S-SBuloh,6
Butterflies,Palm King,Amathusia phidippus,No,S-SBuloh,5
Butterflies,Dingy Lineblue,Petrelaea dana,No,S-SBuloh,3
Butterflies,Aberrant Oakblue,Arhopala abseus,No,S-MalRes,14
Butterflies,Scarlet Flash,Rapala dieneces,No,S-MalRes,14
Butterflies,Pale Mottle,Logania marmorata,No,S-MalRes,8
Butterflies,Palm King,Amathusia phidippus,No,S-MalRes,4
Lizards,Banded Lipinia,Lipinia vittigera,No,S-MalRes,14
Butterflies,Red Marked Clubtail,Losaria doubledayi,No,Mutiara,14
Lizards,Five-lined Flying Dragon,Draco quinquefasciatus,No,Sepilok,3
Frogs & Toads,Large White-lipped Frog,Hylarana megalonesa,No,Sepilok,13
Flowers,Toothbrush Orchid,Dendrobium secundum,No,Sepilok,13
Butterflies,Malayan Six-Ring,Ypthima fasciata,No,Sepilok,8
Butterflies,Three-spotted Grass Yellow,Eurema blanda,No,S-PUbin,13
Butterflies,Common Banded Demon,Notocrypta paralysos,No,S-PUbin,5
Butterflies,Bigg's Brownie,Miletus biggsii,No,S-PUbin,5
Butterflies,Malayan Sunbeam,Curetis santana,No,S-SBuloh,3
Butterflies,Formosan Swift,Borbo cinnara,Yes,S-MalRes,13
Butterflies,Malayan Sunbeam,Curetis santana,No,S-MalRes,10
Butterflies,Common Banded Demon,Notocrypta paralysos,No,S-MalRes,8
Butterflies,Bigg's Brownie,Miletus biggsii,No,S-MalRes,8
Lizards,Five-lined Flying Dragon,Draco quinquefasciatus,No,S-MalRes,6
Dragonflies,Chalky Percher,Diplacodes trivialis,Yes,S-MalRes,13
Damselflies,Collared Threadtail,Prodasineura collaris,No,S-MalRes,10
Butterflies,Malayan Six-Ring,Ypthima fasciata,No,Mutiara,5
Lizards,Five-lined Flying Dragon,Draco quinquefasciatus,No,Mutiara,4
Damselflies,Collared Threadtail,Prodasineura collaris,No,Perdana,3
Mammals,Maroon Leaf Monkey,Presbytis rubicunda,No,Sepilok,12
Lizards,White-banded Narrow-disked Gecko,Gekko albofasciolatus,No,Sepilok,12
Butterflies,Malayan Birdwing,Troides amphrysus,No,Sepilok,3
Butterflies,Coconut Skipper,Hidari irava,No,S-PUbin,12
Butterflies,Julia Heliconian,Dryas iulia,Yes,S-PUbin,8
Butterflies,Common Jay,Graphium doson,No,S-PUbin,8
Butterflies,Lime Swallowtail,Papilio demoleus,No,S-MalRes,12
Butterflies,Colour Sergeant,Athyma nefte,No,S-MalRes,12
Butterflies,Burmese Lascar,Lasippa heliodore,No,S-MalRes,12
Butterflies,Green Imperial,Manto hypoleuca,No,S-MalRes,12
Butterflies,Chequered Lancer,Plastingia naga,No,S-MalRes,8
Butterflies,Julia Heliconian,Dryas iulia,Yes,S-MalRes,4
Lizards,Mourning Gecko,Lepidodactylus lugubris,No,S-MalRes,12
Dragonflies,Handsome Grenadier,Agrionoptera sexlineata,No,S-MalRes,12
Butterflies,Great Marquis,Bassarona dunya,No,Mutiara,12
Butterflies,Malayan Birdwing,Troides amphrysus,No,Mutiara,9
Butterflies,Straight Pierrot,Caleta roxus,No,Mutiara,8
Butterflies,Common Jay,Graphium doson,No,Mutiara,4
Mammals,Southern Red Muntjac,Muntiacus muntjak,No,Mutiara,12
Butterflies,Straight Pierrot,Caleta roxus,No,Perdana,4
Butterflies,Chequered Lancer,Plastingia naga,No,Perdana,4
Snakes,Eight-striped Kukri Snake,Oligodon octolineatus,No,Sepilok,3
Lizards,Borneo Bow-fingered Gecko,Cyrtodactylus malayanus,No,Sepilok,11
Frogs & Toads,File-eared Tree Frog,Polypedates otilophus,No,Sepilok,11
Damselflies,Xiphiagrion cyanomelas,Xiphiagrion cyanomelas,No,Sepilok,11
Butterflies,Ancyra Blue,Catopyrops ancyra,No,S-PUbin,11
Butterflies,Indigo Flash,Rapala varuna,No,S-PUbin,5
Butterflies,Peacock Royal,Tajuria cippus,No,S-PUbin,5
Dragonflies,Pond Cruiser,Epophthalmia vittigera,No,S-PUbin,3
Dragonflies,Pond Cruiser,Epophthalmia vittigera,No,S-SBuloh,8
Butterflies,Purple Bushbrown,Mycalesis orseis,No,S-MalRes,11
Butterflies,Banded Yeoman,Cirrochroa orissa,No,S-MalRes,7
Butterflies,Indigo Flash,Rapala varuna,No,S-MalRes,6
Butterflies,Peacock Royal,Tajuria cippus,No,S-MalRes,6
Snakes,Eight-striped Kukri Snake,Oligodon octolineatus,No,S-MalRes,8
Frogs & Toads,Dark-sided Chorus Frog,Microhyla heymonsi,No,S-MalRes,8
Damselflies,Dwarf Wisp,Agriocnemis nana,No,S-MalRes,11
Butterflies,Banded Yeoman,Cirrochroa orissa,No,Mutiara,4
Frogs & Toads,Dark-sided Chorus Frog,Microhyla heymonsi,No,Mutiara,3
Butterflies,Malay Yeoman,Cirrochroa emalea,No,Sepilok,10
Butterflies,Pea Blue,Lampides boeticus,Yes,S-PUbin,7
Mammals,Southern Palm Civet,Paradoxurus musanga,No,S-PUbin,3
Mammals,Smooth-coated Otter,Lutra perspicillata,No,S-PUbin,3
Butterflies,Pea Blue,Lampides boeticus,Yes,S-SBuloh,3
Butterflies,Scarce Silverstreak Blue,Iraota rochana,No,S-SBuloh,3
Mammals,Southern Palm Civet,Paradoxurus musanga,No,S-SBuloh,4
Butterflies,Hieroglyphic Flat,Odina hieroglyphica,No,S-MalRes,10
Butterflies,Dark Malayan Sixline Blue,Nacaduba calauria,No,S-MalRes,10
Butterflies,Scarce Silverstreak Blue,Iraota rochana,No,S-MalRes,7
Frogs & Toads,Asian Painted Frog,Kaloula pulchra,No,S-MalRes,7
Mammals,Smooth-coated Otter,Lutra perspicillata,No,S-MalRes,7
Mammals,Southern Palm Civet,Paradoxurus musanga,No,S-MalRes,3
Damselflies,Marsh Dancer,Onychargia atrocyana,No,S-MalRes,10
Frogs & Toads,Asian Painted Frog,Kaloula pulchra,No,Mutiara,3
Butterflies,Bright Red Velvet Bob,Koruthaialos sindu,No,Sepilok,3
Butterflies,Mottled Emigrant,Catopsilia pyranthe,No,S-PUbin,5
Frogs & Toads,Guenther's Frog,Hylarana guentheri,No,S-SBuloh,9
Dragonflies,Red Glider,Tramea transmarina,No,S-SBuloh,4
Butterflies,Little Branded Swift,Pelopidas agna,No,S-MalRes,9
Butterflies,Acacia Blue,Surendra vivarna,No,S-MalRes,9
Butterflies,Malay Staff Sergeant,Athyma reta,No,S-MalRes,9
Butterflies,Tailed Disc Oakblue,Arhopala atosia,No,S-MalRes,9
Butterflies,The Red Edge,Semanga superba,No,S-MalRes,9
Butterflies,Rosy Oakblue,Arhopala allata,No,S-MalRes,9
Butterflies,Five-bar Swordtail,Graphium antiphates,No,S-MalRes,6
Butterflies,Mottled Emigrant,Catopsilia pyranthe,No,S-MalRes,4
Snakes,Banded Malaysian Coralsnake,Calliophis intestinalis,No,S-MalRes,9
Lizards,Rough-scaled Sun Skink,Eutropis rugifera,No,S-MalRes,5
Frogs & Toads,Blyth's River Frog,Limnonectes blythii,No,S-MalRes,9
Dragonflies,Stream Cruiser,Macromia cincta,No,S-MalRes,9
Dragonflies,Red Glider,Tramea transmarina,No,S-MalRes,5
Butterflies,Five-bar Swordtail,Graphium antiphates,No,Mutiara,3
Lizards,Rough-scaled Sun Skink,Eutropis rugifera,No,Mutiara,4
Butterflies,Bright Red Velvet Bob,Koruthaialos sindu,No,Perdana,6
Mammals,Lesser Treeshrew,Tupaia minor,No,Sepilok,8
Snakes,Blue-necked Keelback,Rhabdophis rhodomelas,No,Sepilok,4
Flowers,Dove Flower,Dendrobium crumenatum,No,Sepilok,5
Damselflies,Rhinocypha humeralis,Rhinocypha humeralis,No,Sepilok,8
Dragonflies,Red Percher,Neurothemis ramburii,No,Sepilok,8
Butterflies,Silver Forget-Me-Not,Catochrysops panormus,No,S-PUbin,8
Butterflies,Common Evening Brown,Melanitis leda,Yes,S-PUbin,5
Butterflies,Malayan,Megisba malaya,Yes,S-PUbin,4
Butterflies,Green Baron,Euthalia adonia,No,S-PUbin,4
Butterflies,Chestnut Angle,Odontoptilum angulata,No,S-PUbin,3
Butterflies,Hoary Palmer,Unkana ambasa,No,S-PUbin,3
Butterflies,Chestnut Angle,Odontoptilum angulata,No,S-SBuloh,5
Butterflies,Hoary Palmer,Unkana ambasa,No,S-SBuloh,5
Butterflies,Malayan,Megisba malaya,Yes,S-SBuloh,4
Butterflies,Common Evening Brown,Melanitis leda,Yes,S-SBuloh,3
Butterflies,Shining Plushblue,Flos fulgida,No,S-MalRes,8
Butterflies,White-tipped Skipper,Erionota acroleuca,No,S-MalRes,8
Butterflies,Green Baron,Euthalia adonia,No,S-MalRes,4
Snakes,Malayan Whipsnake,Ahaetulla mycterizans,No,S-MalRes,8
Snakes,Haas's Bronzeback,Dendrelaphis haasi,No,S-MalRes,8
Snakes,Blue-necked Keelback,Rhabdophis rhodomelas,No,S-MalRes,4
Frogs & Toads,Greenhouse Frog,Eleutherodactylus planirostris,No,S-MalRes,8
Frogs & Toads,Side-spotted Swamp Frog,Hylarana laterimaculata,No,S-MalRes,8
Flowers,Dove Flower,Dendrobium crumenatum,No,S-MalRes,3
Dragonflies,Amber-winged Glider,Hydrobasileus croceus,No,S-MalRes,8
Dragonflies,Wandering Glider,Pantala flavescens,Yes,S-MalRes,8
Butterflies,Common Red Harlequin,Paralaxita telesia,No,Mutiara,8
Butterflies,Yellow Glassy Tiger,Parantica aspasia,No,Mutiara,4
Butterflies,Yellow Glassy Tiger,Parantica aspasia,No,Perdana,4
Lizards,Sabah Lowland Bent-toed Gecko,Cyrtodactylus yoshii,No,Sepilok,7
Frogs & Toads,Rough Guardian Frog,Limnonectes finchi,No,Sepilok,7
Frogs & Toads,Nicobar Cricket Frog,Hylarana nicobariensis,No,Sepilok,4
Dragonflies,Tetrathemis hyalina,Tetrathemis hyalina,No,Sepilok,3
Butterflies,Orange Gull,Cepora iudith,No,S-PUbin,7
Butterflies,Large Dart,Potanthus serina,No,S-PUbin,4
Butterflies,Small Fourline Blue,Nacaduba pavana,No,S-SBuloh,7
Butterflies,Copper Flash,Rapala pheretima,No,S-SBuloh,3
Butterflies,Hainan Palm Dart,Telicota besta,No,S-MalRes,7
Butterflies,Copper Flash,Rapala pheretima,No,S-MalRes,4
Butterflies,Pointed Ciliate Blue,Anthene lycaenina,No,S-MalRes,3
Butterflies,Large Dart,Potanthus serina,No,S-MalRes,3
Snakes,Spotted Keelback,Xenochrophis maculatus,No,S-MalRes,7
Snakes,Puff-faced Water Snake,Homalopsis buccata,No,S-MalRes,7
Frogs & Toads,Black-eyed Litter Frog,Leptobrachium nigrops,No,S-MalRes,7
Dragonflies,Bombardier,Lyriothemis cleis,No,S-MalRes,7
Dragonflies,Tetrathemis hyalina,Tetrathemis hyalina,No,S-MalRes,4
Butterflies,Pointed Ciliate Blue,Anthene lycaenina,No,Mutiara,4
Frogs & Toads,Nicobar Cricket Frog,Hylarana nicobariensis,No,Mutiara,3
Mammals,Bornean Orangutan,Pongo pygmaeus,No,Sepilok,6
Mammals,Low's Squirrel,Sundasciurus lowii,No,Sepilok,6
Snakes,Gold-ringed Cat Snake,Boiga dendrophila,No,Sepilok,6
Snakes,Borneo Pit Viper,Craspedocephalus borneensis,No,Sepilok,6
Butterflies,Malayan Owl,Neorina lowii,No,Sepilok,6
Butterflies,Malay Punchinello,Zemeros emesoides,No,Sepilok,3
Butterflies,Common Tinsel,Catapaecilma major,No,S-PUbin,6
Butterflies,Blue Nawab,Polyura schreiber,No,S-PUbin,3
Lizards,Common Four-clawed Gecko,Gehyra mutilata,No,S-PUbin,3
Butterflies,Banded Swallowtail,Papilio demolion,No,S-SBuloh,6
Butterflies,Blue Nawab,Polyura schreiber,No,S-SBuloh,3
Frogs & Toads,Crab-eating Frog,Fejervarya cancrivora,No,S-SBuloh,3
Butterflies,Malayan Lacewing,Cethosia hypsea,No,S-MalRes,6
Butterflies,Quaker,Neopithecops zalmora,No,S-MalRes,6
Butterflies,Ultra Snow Flat,Tagiades ultra,No,S-MalRes,6
Butterflies,Spotted Flitter,Zographetus doxus,No,S-MalRes,6
Butterflies,Dot-Dash Sergeant,Athyma kanwa,No,S-MalRes,6
Butterflies,Bright Oakblue,Arhopala sublustris,No,S-MalRes,6
Butterflies,Colonel,Pandita sinope,No,S-MalRes,6
Snakes,Blue Bronzeback,Dendrelaphis cyanochloris,No,S-MalRes,6
Snakes,Pink-headed Reed Snake,Calamaria schlegeli,No,S-MalRes,6
Lizards,Peninsular Round-eyed Gecko,Cnemaspis peninsularis,No,S-MalRes,6
Lizards,Common Four-clawed Gecko,Gehyra mutilata,No,S-MalRes,3
Frogs & Toads,Four-ridged Toad,Ingerophrynus quadriporcatus,No,S-MalRes,6
Frogs & Toads,Johor Tiny Sticky Frog,Kalophrynus limbooliati,No,S-MalRes,6
Frogs & Toads,Crab-eating Frog,Fejervarya cancrivora,No,S-MalRes,3
Butterflies,Malay Red Harlequin,Paralaxita damajanti,No,Mutiara,6
Butterflies,Dusky Partwing,Psolos fuligo,No,Mutiara,6
Butterflies,Malay Punchinello,Zemeros emesoides,No,Mutiara,3
Frogs & Toads,Harlequin Tree Frog,Rhacophorus pardalis,No,Sepilok,5
Butterflies,Malayan Jungle Glory,Thaumantis odana,No,Sepilok,5
Damselflies,Elattoneura analis,Elattoneura analis,No,Sepilok,5
Butterflies,Common Red Flash,Rapala iarbus,No,S-PUbin,5
Snakes,White-spotted Slug Snake,Pareas margaritophorus,No,S-PUbin,5
Dragonflies,Pale-spotted Emperor,Anax guttatus,No,S-SBuloh,5
Dragonflies,Blue Adjutant,Aethriamanta aethra,No,S-SBuloh,5
Butterflies,Extra Lascar,Pantoporia sandaka,No,S-MalRes,5
Butterflies,Darky Plushblue,Flos anniella,No,S-MalRes,5
Butterflies,Ganda Dart,Potanthus ganda,No,S-MalRes,5
Snakes,Dog-toothed Cat Snake,Boiga cynodon,No,S-MalRes,5
Snakes,Cantor's Dwarf Reed Snake,Pseudorabdion longiceps,No,S-MalRes,5
Snakes,Blackwater Mud Snake,Phytolopsis punctata,No,S-MalRes,5
Lizards,Singapore Bent-toed Gecko,Cyrtodactylus majulah,No,S-MalRes,5
Frogs & Toads,Cryptic Painted Frog,Nyctixalus crypticus,No,S-MalRes,5
Dragonflies,Twister,Tholymis tillarga,No,S-MalRes,5
Damselflies,Malayan Grisette,Devadatta argyoides,No,S-MalRes,5
Damselflies,Blue-nosed Sprite,Archibasis melanocyana,No,S-MalRes,5
Butterflies,Black-and-white Helen Swallowtail,Papilio nephelus,No,Mutiara,5
Butterflies,Banded Red Harlequin,Paralaxita orphna,No,Mutiara,5
Butterflies,Narrow-banded Velvet Bob,Koruthaialos rubecula,No,Mutiara,5
Butterflies,Straight-banded Catseye,Coelites epiminthia,No,Mutiara,5
Dragonflies,Lyriothemis biappendiculata,Lyriothemis biappendiculata,No,Mutiara,5
Damselflies,Libellago semiopaca,Libellago semiopaca,No,Mutiara,5
Lizards,Blue-eyed Anglehead Lizard,Gonocephalus liogaster,No,Mutiara,5
Frogs & Toads,River Toad,Phrynoidis asper,No,Mutiara,5
Butterflies,Common Bushbrown,Telinga janardana,No,Perdana,5
Dragonflies,Emerald-flanked Marsh Hawk,Brachydiplax farinosa,No,Perdana,5
Damselflies,Orange-tailed Sprite,Ceriagrion auranticum,No,Perdana,5
Damselflies,Coeliccia albicauda,Coeliccia albicauda,No,Perdana,5